--
-- Script was generated by Devart dbForge Studio for MySQL, Version 10.0.150.0
-- Product home page: http://www.devart.com/dbforge/mysql/studio
-- Script date 5/10/2024 10:42:58 PM
-- Server version: 8.3.0
--

--
-- Disable foreign keys
--
/*!40014 SET @OLD_FOREIGN_KEY_CHECKS=@@FOREIGN_KEY_CHECKS, FOREIGN_KEY_CHECKS=0 */;

--
-- Set SQL mode
--
/*!40101 SET @OLD_SQL_MODE=@@SQL_MODE, SQL_MODE='NO_AUTO_VALUE_ON_ZERO' */;

--
-- Set character set the client will use to send SQL statements to the server
--
SET NAMES 'utf8';

--
-- Set default database
--
USE qr_checkin;

--
-- Drop table `images`
--
DROP TABLE IF EXISTS images;

--
-- Drop table `event_categories`
--
DROP TABLE IF EXISTS event_categories;

--
-- Drop table `categories`
--
DROP TABLE IF EXISTS categories;

--
-- Drop table `devices`
--
DROP TABLE IF EXISTS devices;

--
-- Drop table `notifications`
--
DROP TABLE IF EXISTS notifications;

--
-- Drop table `attendances`
--
DROP TABLE IF EXISTS attendances;

--
-- Drop table `registrations`
--
DROP TABLE IF EXISTS registrations;

--
-- Drop table `tickets`
--
DROP TABLE IF EXISTS tickets;

--
-- Drop table `ticket_types`
--
DROP TABLE IF EXISTS ticket_types;

--
-- Drop table `events`
--
DROP TABLE IF EXISTS events;

--
-- Drop table `users`
--
DROP TABLE IF EXISTS users;

--
-- Set default database
--
USE qr_checkin;

--
-- Create table `users`
--
CREATE TABLE users (
  username varchar(50) CHARACTER SET latin1 COLLATE latin1_general_cs NOT NULL,
  hash_password varchar(60) binary CHARACTER SET latin1 COLLATE latin1_bin NOT NULL,
  role enum ('ROLE_user', 'ROLE_admin') NOT NULL DEFAULT 'ROLE_user',
  status enum ('ACTIVE', 'BANNED') NOT NULL DEFAULT 'ACTIVE',
  full_name varchar(120) binary CHARACTER SET utf8mb4 COLLATE utf8mb4_bin DEFAULT NULL,
  email varchar(50) binary CHARACTER SET ascii COLLATE ascii_bin NOT NULL,
  birthdate date DEFAULT NULL,
  sex bit(1) DEFAULT NULL,
  created_at timestamp NOT NULL DEFAULT CURRENT_TIMESTAMP,
  updated_at timestamp NOT NULL DEFAULT CURRENT_TIMESTAMP ON UPDATE CURRENT_TIMESTAMP,
  PRIMARY KEY (username)
)
ENGINE = INNODB,
AVG_ROW_LENGTH = 5461,
CHARACTER SET utf8mb4,
COLLATE utf8mb4_0900_ai_ci,
ROW_FORMAT = DYNAMIC;

--
-- Create index `email` on table `users`
--
ALTER TABLE users
ADD UNIQUE INDEX email (email);

--
-- Create table `events`
--
CREATE TABLE events (
  id bigint UNSIGNED NOT NULL AUTO_INCREMENT,
  name varchar(100) binary CHARACTER SET utf8mb4 COLLATE utf8mb4_bin NOT NULL,
  background_url varchar(255) DEFAULT NULL,
  description longtext DEFAULT NULL,
  slots int UNSIGNED DEFAULT NULL,
  start_at timestamp NULL DEFAULT NULL,
  end_at timestamp NULL DEFAULT NULL,
  location varchar(255) binary CHARACTER SET utf8mb4 COLLATE utf8mb4_bin NOT NULL,
  latitude decimal(9, 6) DEFAULT NULL,
  longitude decimal(9, 6) DEFAULT NULL,
  radius double NOT NULL,
  regis_required bit(1) NOT NULL DEFAULT b'0',
  approval_required bit(1) NOT NULL,
  capture_required bit(1) NOT NULL DEFAULT b'0',
  checkin_qr_code varchar(64) NOT NULL,
  checkout_qr_code varchar(64) DEFAULT NULL,
  created_at timestamp NOT NULL DEFAULT CURRENT_TIMESTAMP,
  created_by varchar(50) CHARACTER SET latin1 COLLATE latin1_general_cs NOT NULL,
  updated_at timestamp NOT NULL DEFAULT CURRENT_TIMESTAMP ON UPDATE CURRENT_TIMESTAMP,
  updated_by varchar(50) CHARACTER SET latin1 COLLATE latin1_general_cs NOT NULL DEFAULT '',
  deleted_at timestamp NULL DEFAULT NULL,
  deleted_by varchar(50) CHARACTER SET latin1 COLLATE latin1_general_cs DEFAULT NULL,
  is_ticket_seller bit(1) DEFAULT b'0',
  PRIMARY KEY (id)
)
ENGINE = INNODB,
AUTO_INCREMENT = 23,
AVG_ROW_LENGTH = 2730,
CHARACTER SET utf8mb4,
COLLATE utf8mb4_0900_ai_ci,
ROW_FORMAT = DYNAMIC;

--
-- Create index `checkin_qr_code` on table `events`
--
ALTER TABLE events
ADD UNIQUE INDEX checkin_qr_code (checkin_qr_code);

--
-- Create index `checkout_qr_code` on table `events`
--
ALTER TABLE events
ADD UNIQUE INDEX checkout_qr_code (checkout_qr_code);

--
-- Create foreign key
--
ALTER TABLE events
ADD CONSTRAINT FK_events_created_by FOREIGN KEY (created_by)
REFERENCES users (username) ON UPDATE CASCADE;

--
-- Create foreign key
--
ALTER TABLE events
ADD CONSTRAINT FK_events_deleted_by FOREIGN KEY (deleted_by)
REFERENCES users (username) ON UPDATE CASCADE;

--
-- Create foreign key
--
ALTER TABLE events
ADD CONSTRAINT FK_events_updated_by FOREIGN KEY (updated_by)
REFERENCES users (username) ON UPDATE CASCADE;

--
-- Create table `ticket_types`
--
CREATE TABLE ticket_types (
  id bigint UNSIGNED NOT NULL AUTO_INCREMENT,
  name varchar(50) NOT NULL,
  description varchar(255) DEFAULT NULL,
  quantity smallint UNSIGNED NOT NULL,
  event_id bigint UNSIGNED DEFAULT NULL,
  price double UNSIGNED NOT NULL,
  created_at timestamp NOT NULL DEFAULT CURRENT_TIMESTAMP,
  created_by varchar(50) CHARACTER SET latin1 COLLATE latin1_general_cs NOT NULL DEFAULT '',
  updated_at timestamp NOT NULL DEFAULT CURRENT_TIMESTAMP ON UPDATE CURRENT_TIMESTAMP,
  updated_by varchar(50) CHARACTER SET latin1 COLLATE latin1_general_cs NOT NULL,
  deleted_at timestamp NULL DEFAULT NULL,
  deleted_by varchar(50) CHARACTER SET latin1 COLLATE latin1_general_cs DEFAULT NULL,
  PRIMARY KEY (id)
)
ENGINE = INNODB,
AUTO_INCREMENT = 2,
CHARACTER SET utf8mb4,
COLLATE utf8mb4_0900_ai_ci,
ROW_FORMAT = DYNAMIC;

--
-- Create foreign key
--
ALTER TABLE ticket_types
ADD CONSTRAINT FK_ticket_types_created_by FOREIGN KEY (created_by)
REFERENCES users (username) ON UPDATE CASCADE;

--
-- Create foreign key
--
ALTER TABLE ticket_types
ADD CONSTRAINT FK_ticket_types_deleted_by FOREIGN KEY (deleted_by)
REFERENCES users (username) ON UPDATE CASCADE;

--
-- Create foreign key
--
ALTER TABLE ticket_types
ADD CONSTRAINT FK_ticket_types_event_id FOREIGN KEY (event_id)
REFERENCES events (id) ON UPDATE CASCADE;

--
-- Create foreign key
--
ALTER TABLE ticket_types
ADD CONSTRAINT FK_ticket_types_updated_by FOREIGN KEY (updated_by)
REFERENCES users (username) ON UPDATE CASCADE;

--
-- Create table `tickets`
--
CREATE TABLE tickets (
  id bigint UNSIGNED NOT NULL AUTO_INCREMENT,
  ticket_type_id bigint UNSIGNED DEFAULT NULL,
  qr_code varchar(64) NOT NULL,
  username varchar(50) CHARACTER SET latin1 COLLATE latin1_general_cs DEFAULT NULL,
  price double UNSIGNED NOT NULL,
  created_at timestamp NOT NULL DEFAULT CURRENT_TIMESTAMP,
  check_in_at timestamp NULL DEFAULT NULL,
  PRIMARY KEY (id)
)
ENGINE = INNODB,
AUTO_INCREMENT = 2,
AVG_ROW_LENGTH = 16384,
CHARACTER SET utf8mb4,
COLLATE utf8mb4_0900_ai_ci,
ROW_FORMAT = DYNAMIC;

--
-- Create index `qr_code` on table `tickets`
--
ALTER TABLE tickets
ADD UNIQUE INDEX qr_code (qr_code);

--
-- Create foreign key
--
ALTER TABLE tickets
ADD CONSTRAINT FK_tickets_ticket_id FOREIGN KEY (ticket_type_id)
REFERENCES ticket_types (id) ON UPDATE CASCADE;

--
-- Create foreign key
--
ALTER TABLE tickets
ADD CONSTRAINT FK_tickets_username FOREIGN KEY (username)
REFERENCES users (username) ON UPDATE CASCADE;

--
-- Create table `registrations`
--
CREATE TABLE registrations (
  id bigint UNSIGNED NOT NULL AUTO_INCREMENT,
  username varchar(50) CHARACTER SET latin1 COLLATE latin1_general_cs NOT NULL,
  event_id bigint UNSIGNED NOT NULL,
  created_at timestamp NOT NULL DEFAULT CURRENT_TIMESTAMP,
  accepted_at timestamp NULL DEFAULT NULL ON UPDATE CURRENT_TIMESTAMP,
  accepted_by varchar(50) CHARACTER SET latin1 COLLATE latin1_general_cs DEFAULT NULL,
  deleted_at timestamp NULL DEFAULT NULL,
  deleted_by varchar(50) CHARACTER SET latin1 COLLATE latin1_general_cs DEFAULT NULL,
  PRIMARY KEY (id)
)
ENGINE = INNODB,
AUTO_INCREMENT = 3,
AVG_ROW_LENGTH = 8192,
CHARACTER SET utf8mb4,
COLLATE utf8mb4_0900_ai_ci,
ROW_FORMAT = DYNAMIC;

--
-- Create foreign key
--
ALTER TABLE registrations
ADD CONSTRAINT FK_registrations_accepted_by FOREIGN KEY (accepted_by)
REFERENCES users (username) ON UPDATE CASCADE;

--
-- Create foreign key
--
ALTER TABLE registrations
ADD CONSTRAINT FK_registrations_event_id FOREIGN KEY (event_id)
REFERENCES events (id) ON UPDATE CASCADE;

--
-- Create foreign key
--
ALTER TABLE registrations
ADD CONSTRAINT FK_registrations_username FOREIGN KEY (username)
REFERENCES users (username) ON UPDATE CASCADE;

--
-- Create foreign key
--
ALTER TABLE registrations
ADD CONSTRAINT FK_tickets_deleted_by FOREIGN KEY (deleted_by)
REFERENCES users (username) ON UPDATE CASCADE;

--
-- Create table `attendances`
--
CREATE TABLE attendances (
  id bigint UNSIGNED NOT NULL AUTO_INCREMENT,
  registrationId bigint UNSIGNED DEFAULT NULL,
  check_in_at timestamp NULL DEFAULT NULL,
  check_out_at timestamp NULL DEFAULT NULL,
  check_in_img varchar(255) DEFAULT NULL,
  check_out_img varchar(255) DEFAULT NULL,
  PRIMARY KEY (id)
)
ENGINE = INNODB,
CHARACTER SET utf8mb4,
COLLATE utf8mb4_0900_ai_ci,
ROW_FORMAT = DYNAMIC;

--
-- Create foreign key
--
ALTER TABLE attendances
ADD CONSTRAINT FK_attendances_registrationId FOREIGN KEY (registrationId)
REFERENCES registrations (id) ON UPDATE CASCADE;

--
-- Create table `notifications`
--
CREATE TABLE notifications (
  id bigint UNSIGNED NOT NULL AUTO_INCREMENT,
  username varchar(50) CHARACTER SET latin1 COLLATE latin1_general_cs NOT NULL,
  eventId bigint UNSIGNED DEFAULT NULL,
  message varchar(255) binary CHARACTER SET utf8mb4 COLLATE utf8mb4_bin DEFAULT NULL,
  created_at timestamp NULL DEFAULT CURRENT_TIMESTAMP,
  is_read bit(1) NOT NULL DEFAULT b'0',
  type enum ('CHECKIN', 'CHECKOUT', 'INVITATION', 'EVENT_UPDATE') NOT NULL,
  PRIMARY KEY (id)
)
ENGINE = INNODB,
CHARACTER SET utf8mb4,
COLLATE utf8mb4_0900_ai_ci,
ROW_FORMAT = DYNAMIC;

--
-- Create foreign key
--
ALTER TABLE notifications
ADD CONSTRAINT FK_notifications_eventId FOREIGN KEY (eventId)
REFERENCES events (id) ON UPDATE CASCADE;

--
-- Create foreign key
--
ALTER TABLE notifications
ADD CONSTRAINT FK_notifications_username FOREIGN KEY (username)
REFERENCES users (username) ON UPDATE CASCADE;

--
-- Create table `devices`
--
CREATE TABLE devices (
  device_id varchar(64) NOT NULL,
  device_name varchar(255) NOT NULL,
  created_at timestamp NOT NULL DEFAULT CURRENT_TIMESTAMP,
  updated_at timestamp NOT NULL DEFAULT CURRENT_TIMESTAMP ON UPDATE CURRENT_TIMESTAMP,
  username varchar(50) CHARACTER SET latin1 COLLATE latin1_general_cs DEFAULT NULL,
  refresh_token varchar(255) DEFAULT NULL,
  PRIMARY KEY (device_id)
)
ENGINE = INNODB,
AVG_ROW_LENGTH = 5461,
CHARACTER SET utf8mb4,
COLLATE utf8mb4_0900_ai_ci,
ROW_FORMAT = DYNAMIC;

--
-- Create index `username` on table `devices`
--
ALTER TABLE devices
ADD UNIQUE INDEX username (username);

--
-- Create foreign key
--
ALTER TABLE devices
ADD CONSTRAINT FK_devices_username FOREIGN KEY (username)
REFERENCES users (username) ON UPDATE CASCADE;

--
-- Create table `categories`
--
CREATE TABLE categories (
  id bigint UNSIGNED NOT NULL AUTO_INCREMENT,
  name varchar(50) NOT NULL DEFAULT 'utf8mb4_0900_ai_ci',
  description varchar(255) DEFAULT NULL,
  created_at timestamp NOT NULL DEFAULT CURRENT_TIMESTAMP,
  created_by varchar(50) CHARACTER SET latin1 COLLATE latin1_general_cs NOT NULL,
  updated_at timestamp NULL DEFAULT CURRENT_TIMESTAMP ON UPDATE CURRENT_TIMESTAMP,
  updated_by varchar(50) CHARACTER SET latin1 COLLATE latin1_general_cs DEFAULT NULL,
  deleted_at timestamp NULL DEFAULT NULL,
  deleted_by varchar(50) CHARACTER SET latin1 COLLATE latin1_general_cs DEFAULT NULL,
  PRIMARY KEY (id)
)
ENGINE = INNODB,
AUTO_INCREMENT = 6,
AVG_ROW_LENGTH = 3276,
CHARACTER SET utf8mb4,
COLLATE utf8mb4_0900_ai_ci,
ROW_FORMAT = DYNAMIC;

--
-- Create foreign key
--
ALTER TABLE categories
ADD CONSTRAINT FK_categories_created_by FOREIGN KEY (created_by)
REFERENCES users (username) ON UPDATE CASCADE;

--
-- Create foreign key
--
ALTER TABLE categories
ADD CONSTRAINT FK_categories_deleted_by FOREIGN KEY (deleted_by)
REFERENCES users (username) ON UPDATE CASCADE;

--
-- Create foreign key
--
ALTER TABLE categories
ADD CONSTRAINT FK_categories_updated_by FOREIGN KEY (updated_by)
REFERENCES users (username) ON UPDATE CASCADE;

--
-- Create table `event_categories`
--
CREATE TABLE event_categories (
  event_id bigint UNSIGNED NOT NULL,
  category_id bigint UNSIGNED NOT NULL,
  PRIMARY KEY (event_id, category_id)
)
ENGINE = INNODB,
AVG_ROW_LENGTH = 1489,
CHARACTER SET utf8mb4,
COLLATE utf8mb4_0900_ai_ci,
ROW_FORMAT = DYNAMIC;

--
-- Create index `FK_event_categories_categoryId` on table `event_categories`
--
ALTER TABLE event_categories
ADD INDEX FK_event_categories_categoryId (category_id);

--
-- Create foreign key
--
ALTER TABLE event_categories
ADD CONSTRAINT FK_event_categories_category_id FOREIGN KEY (category_id)
REFERENCES categories (id) ON UPDATE CASCADE;

--
-- Create foreign key
--
ALTER TABLE event_categories
ADD CONSTRAINT FK_event_categories_event_id FOREIGN KEY (event_id)
REFERENCES events (id) ON UPDATE CASCADE;

--
-- Create table `images`
--
CREATE TABLE images (
  id int UNSIGNED NOT NULL AUTO_INCREMENT,
  created_at timestamp NOT NULL DEFAULT CURRENT_TIMESTAMP,
  extension varchar(10) CHARACTER SET latin1 COLLATE latin1_general_cs NOT NULL DEFAULT '',
  status bit(1) NOT NULL,
  PRIMARY KEY (id)
)
ENGINE = INNODB,
AUTO_INCREMENT = 23,
AVG_ROW_LENGTH = 780,
CHARACTER SET utf8mb4,
COLLATE utf8mb4_0900_ai_ci,
ROW_FORMAT = DYNAMIC;

-- 
-- Dumping data for table users
--
INSERT INTO users VALUES
('123123', '$2a$10$V4j6LeSg8cQ0/kXpNPLre.KLDNAbwDkjN2tYxAqq429CabtJKyW7S', 'ROLE_user', 'ACTIVE', NULL, '123123@gmail.com', NULL, NULL, '2024-04-22 07:09:33', '2024-04-22 07:09:33'),
('user001', '$2a$10$78mTBAJf6W5hR9JtuU3k0.DfKM73QThuNfNjYF.53fsvUP8FrZZAi', 'ROLE_user', 'ACTIVE', NULL, 'user001@gmail.com', NULL, NULL, '2024-04-09 01:52:54', '2024-04-09 01:52:54'),
('user002', '$2a$10$pFy60XNx24ml55jVlsFwi.5TlraNdI2/U8seeYt1Qte/aIscIxWNq', 'ROLE_user', 'ACTIVE', NULL, 'user002@gmail.com', NULL, NULL, '2024-04-15 03:24:53', '2024-04-15 03:24:53'),
('user003', '$2a$10$h6xcHfqmN5t/FDHNLaytQ.p/KV.32RSlwfDYGS3tF7g8S0cXCc/rG', 'ROLE_user', 'ACTIVE', NULL, 'user003@gmail.com', NULL, NULL, '2024-05-09 06:43:51', '2024-05-09 06:43:51');

-- 
-- Dumping data for table events
--
INSERT INTO events VALUES
(1, 'Dac biet 1 ', 'http://10.0.2.2:8888/api/images/16.webp', '<p>Gggggvhryyuoooptdafzrr<span class="ql-cursor">﻿</span><img src="data:image/jpg;base64,/9j/4AAQSkZJRgABAQAAAQABAAD/4gHYSUNDX1BST0ZJTEUAAQEAAAHIAAAAAAQwAABtbnRyUkdCIFhZWiAH4AABAAEAAAAAAABhY3NwAAAAAAAAAAAAAAAAAAAAAAAAAAAAAAAAAAAAAQAA9tYAAQAAAADTLQAAAAAAAAAAAAAAAAAAAAAAAAAAAAAAAAAAAAAAAAAAAAAAAAAAAAAAAAAAAAAAAAAAAAlkZXNjAAAA8AAAACRyWFlaAAABFAAAABRnWFlaAAABKAAAABRiWFlaAAABPAAAABR3dHB0AAABUAAAABRyVFJDAAABZAAAAChnVFJDAAABZAAAAChiVFJDAAABZAAAAChjcHJ0AAABjAAAADxtbHVjAAAAAAAAAAEAAAAMZW5VUwAAAAgAAAAcAHMAUgBHAEJYWVogAAAAAAAAb6IAADj1AAADkFhZWiAAAAAAAABimQAAt4UAABjaWFlaIAAAAAAAACSgAAAPhAAAts9YWVogAAAAAAAA9tYAAQAAAADTLXBhcmEAAAAAAAQAAAACZmYAAPKnAAANWQAAE9AAAApbAAAAAAAAAABtbHVjAAAAAAAAAAEAAAAMZW5VUwAAACAAAAAcAEcAbwBvAGcAbABlACAASQBuAGMALgAgADIAMAAxADb/2wBDABsSFBcUERsXFhceHBsgKEIrKCUlKFE6PTBCYFVlZF9VXVtqeJmBanGQc1tdhbWGkJ6jq62rZ4C8ybqmx5moq6T/2wBDARweHigjKE4rK06kbl1upKSkpKSkpKSkpKSkpKSkpKSkpKSkpKSkpKSkpKSkpKSkpKSkpKSkpKSkpKSkpKSkpKT/wAARCAHCAyADASIAAhEBAxEB/8QAGgABAQEBAQEBAAAAAAAAAAAAAAEEAwIFBv/EAEYQAAIBAgUBBQQGCQIGAgEFAAABAgMRBBIhMUFREyIyYXEFFFKBIzNCkaHRQ1NUYnKSk7HBJDQVVXOC4fAlY6JEdJSy8f/EABgBAQEBAQEAAAAAAAAAAAAAAAABAgME/8QAKhEBAQACAgIBBQEBAAICAwAAAAECESExEkFRAxMiMmFxQkORI4GhsfD/2gAMAwEAAhEDEQA/APicHqNpWi8sUrvNbV+R4KbYBYO3HQAAAAAAAFlFxbjJNNbp7ogAAABbTcAAA23uL/IA1ondAAAAAAB3wND3nGUqTWkpd70W4Gub/wCH+zI01piMSs0nzGP/AL/k+aaPaFf3nGVKn2b5Y+i0M5VoACIAWAAAAAAATs009jfRx8K0Ox9oQ7WnxUS78fzMBZZdLJ3trd8hZdNWLwMqMFWpTVbDy2qR49TGaMJi6uEm3Td4vxQfhl6mmphaOMpuvgFaS1qUOV6FXW+nzwARkAAAAAAAAAAAqIANdGu6cJJWtJWdzPUabPNyPfUAAADdyFAAAAHbjUDZ6AAAAAAAAqTk7JXZABbHqCTfJqnSpqhGSmnJ7x6AYgepK0mjyAAAAAAVJNO8rNLTS92QFinKSjFNt6JLkCAAAAAHN7AAAWEVKai5RhfmWxBdgQFLpbm/4AN1xoQBWus10ubAECqLlZRTd27dWTV6IAAAAAAABOzuB1ozUJJnTEVu1eZ2v5GdJu7V2krsgCwuAAAABWurhgAArX1BYKLmlOTjFvVpXsBAAAATa25VgAk3Jtttt7tu7YBUnJ92Lf8ACrgQHaOExM/Dh6nzVjpH2bjJfobeskXVXxvwyhG3/hWM+CC/7h/wrF/DD+caq+OXwxA2f8Lxn6uL9JI8P2fjI70JfJpjVPG/DMDrPDV4eKhUX/acmmtGreqImi2l7rewACKnZ3sn5M2ezH2UMViOadGy9WYjZS7vsfEP46sI/dqVYxIvABEAAAARWmnZqz6AQAacAABtxuAAAA9QqTp1VUpPJJO6ceDz5AD6TVP2rG8VGnjUruO0av8A5PnSi4ScZJxlF2ae6ZE3FpptNaprg+jGUPakVCo1DGRXcnsqq6PzK12+cD1OEqc3CacZR0afDPJGRWvrqvIAAAAAAAAAqTk7RTb6JAQAAAAACWl7oBpq11a+qAbAFajplbemumwEASbdkAAHKvt5AAAAAAAJ2d0dHUurHMAVu7IAAK2mkrbbvqQAABfSwAAAAAAAAAAAANg3d3AAC1rp6MCtKyad78dCAAOnkVWs3oQAAFoAAAAAAAALc8AAAAAAFaSjZ+J2aaeliK3IAAAAB/Y7YbDVcTPLSjdLeT2RrtgsDo17zWXH2UyyNTHfLLhsLia2tGElFq2Z6KxoeCw1DTFYtX+Cmcq+OxFfRzyR+GGhmcbcF4i7xjb7zgaWlHB538VRkl7VxH6NU6a/diYgTdTyrvLHYqe9efy0Obq1ZPvVZv1kzwBupurmlbVv7yXfV/eARFzS+KX3s9RrVY+GrUXpJngBdu8cdiorTEVPm7nVe1MT9twmv3oGMF3V8q2e+0J/XYGlLzg8o/8Ajqn6+i/5kYwlflL1Gzy+WxYGnU/2+LpTfSXdZ2qYWvS9k9nKm3Lt8zUddLb6HzTfSrVKXsjPSqSjKNe10/IvCyxge/mDYvaM5q2Io0qy6tWf3i2ArbOphpefeiTSal6rGDXP2fWy56MoV49YS1+4yyi4XU1KM7+Fqw0lliBgEQC1dgADTTaejQvcegAFdtLJrrdkAAAAAvuYAH0Yyj7UpKnNqOMiu5J6dquj8z58oyhJxknGSdmnwyJtNNOzWqa4Pov/AOTpZkksZTXeX62PX1DXb5+lubkBU7NNpNJ7PkMoCt3k3ZK7ei4IAAACxYycXeLcX1TsyAAAE7O9k/UAAAO0qUFRUs3efHQ4gAFq7DYPW7CYDi1vmAAAAAAI9RpzltCX8rG4uq830SsDqsNXe1Gf3HpYPEP9E/m0Z88flfDL4cAaPccR8C/mRVga/wAMP5ifcx+V+3l8MwNHuNfpD+Ye44j4Y/zIfcx+T7eXwzg0PBYn9Xf5o8+64hfopfIvnj8nhl8OIOjo1Ypp05pfwnNprdNeqLLKzqg0sA9Hbf0KgAAGlkAAD0AABheYAAPcFsst7q/QCDQAArcq4AAAAAA7X01QANWsAAA5AAsY5k3HhXd3b7iAAB82A9QAFrW81cANOTZg8EqsXXry7OhHl6ZvQ84HCrETc6lo0aes318hjcY8TNRistGPhitPmajckk3XrFY9zj2OHXZUVpZaNmNAqZLds229tWGoOtUjCPik7K56xWGlQnKnO2aPQ8UqmWzvZ8M9Vaue7bbfm7kRldkyRi5JtRbUdXbgs3eTtojzZ28mAvvppcqbWxAB6UZOnKSV4xtd9Oh5AAF7uXnNf5WIAAAAAB2eysANdLveysQvgqwl9+hkNeB72HxlLl0syX8LCxkBfu6i6stNeoQjKUJZoNxfVOxqj7QrOCjXhCvD99f5Mhb6WLtZbGvJgq/gqSw0nxPvR+8518FXorM4Z4fHDvIznSjiKtB3o1JQ8k9PuG13L25hWur3tzY2e84fEP8A1VHLN/pKWj+aPM8DKUc+GnHEQ/d8S9UNHj8Mztd5U0uLu5A002no1wCMgAAC4AAWdr/IcXuggBac5UpxnCTjOLumuCADdioRxlF42jG1SP19NcP4l5GE64XETwtaNWGttHF7SXKZ1x2HhDLiMPrh6vh/dfMWF7ZQAEAAAAAABgAFpqAk3ok2/IADvDB1pK8kqcesnY9dnhafjrSqPpBf5MfcnpuYX2zHqNOc/BCUvRHf3mnD6rDxT6y1Z4li689O0aXSOg3leousZ3XpYKta88sF+9Idhh4+PEp+UVc4N5ndtt+bJxceOV7qeWM6jTmwcLWhUn6uyHvNOPgw1NebdzMB9ue1+5fTR79V+yqcfSJHi8RJ/WteiOAH28fhPPL5dJVq12pVZ/zHjPN7zl97IDXjGd35W7b1kyAF0bAAEVSkvtP7z1GrUjr2k1fpI8Amou66rFV1tVke/fq6+0pL96JwSTTbaVlp5kJ4Y/DUzyntp98zfWUKUvlYKrhW03QlF9YyMwJ9uej7l9tHZ4SfhrTg/wB5F9zcvqqtOp87GYDxs6q+U9x1nhq0FeVOVuq1OV29HwdIV6sPDUkvmdffJSVq1OnUXmrMbznpNYX2zA0/6OpxOi/vQeDlJXo1IVV5PUfcnvhft31yzA9ThOk7Tg15NHk3Ltz1oAAAf3AAAABd2twAAAAABWvre3kAAAAAAAPvDVtwABYQlOahFXlJ2SIbfZcIqrPET8NGOb5lk2sm7p79oTjh6MMFTeiV6j6v/wB/wfPPVSbqTlUk7uTuzyKuV3RO3IBU0mrq65XUjIpNFzHkAAAABYtJq6uunUgAAAAAAu7JdBZ2vbTqC3eur138wIAABr9ltLHU4y2qJwfzRkSuWE3TnGa3g018gqOLi3F7xdmWVrtRbaT0drXNPtOCjjqrj4Z2qL0auZQgD1OUZNZYZVZK1769Tym07ptPqgALpbTSy55JpZ9eABYTlTkpQk4yXKdiBgbFjIVko4yl2nSpHSa/M8zwWeLqYSfbwW6Wkl6oylhKUJZoScZLZrcu2t/Kap26boGxYuliLRxtO74q09JL1XJ4rYKdOHa05KtSf24ceq4GjXwzAJXdgRkAAAAADVgsRCGfD4jXD1tJfuviSMoCx0xNCeGrypT3js1yuGczdT/1+F7B64igr0+s48x+RibbSTbaW1+AVAAEAEm3ZJtvhGiOEajmrzVKPnuZuUnbUxt6cHtZ6NbHWlhatRXUcsfilojp29GivoKV3xOf5HCpWqVX9JNy8uCbyvXDWsZ3y7ZMLS8c3Wl0joiPGSSy0YRpLyV2ZyycW+7HKul7jwl75T7l9cE5ym7zk5PzZADemAC6tsAAAAAFustra338gIAAFm9ltqwGrJO6146AANOQAAAAAAArWd3ayD0dmC27t9Om+oEAADYacFa0TTVm9r6ogBWvq7AAAE2ndOz8gAO8MZWirSaqR6TVz1mwtbeMqEusdUZgYuE9cNzO++WieDqKOak41Y9YsztWbXK4ZYTlCWaEnF+Ro96jUWXEUlP95aNE/Kf1fxv8ZgaXhY1I5sNUU/3Xo0Z5RlCTjKLTXDRqZSs3GxAnZNaagGmQAAAAAAAAAAA3cAAAABuguz9jz1UXVnzyl/8A4YTbie77NwcVs8zLGsfbEAWzvbkjKAAAAAAAArSTeV3XDsQAAL6W43AAAAAAAAAAAADXifpcBha3ML0ZfLVfgZDXgl22HxOG3bj2kP4o/wDgyaX0KtAARAAAAA7cACpJp3eq2VtwlfRbkAHSjWqUJ56U8r5tz6niTV2o5sl7pS3IBsvh8Z48uGrPleCT/wAGevQqYeeSrFxfD4fozmaKOLlTh2VWKrUXvCXHo+CtcXtnBqqYWNSDq4STqQWsoPxw9VyZU2tU7PyCWaABd2sRAAbgeqdSVKpGpB2nF3TNWOhCcYYyirU63iS+xPlGM3+zo541KVVWw9VWlJu1pcNEtk7axlvEYN369DRDC2jnxElSh57v5HSrKOCnKlTh9LF2lOS/sZJzlOWacnJ+Zj8sv41rHHvmtDxMaSccNDLf7b1kzPKUpycpScm+WQGscZGblaAA0yBfgAAKmknqtuUMslFSaeV7PqHbTKmrLW75AgdlazvprpsLu1r6AAWKTersQAAAAAAAspZ2m1FaJaKxAAAAAAAABbr8gACv/gW19AAAAAAAk21pcAAAAAAe4+VwAAAJ2d1o1yjTDFuSyYiCqx6vdGYGcsZl21MrOmmWFjUTnhp50t4vxIzNNNppprhli3F3i2muUaViKdZZcTHXiot0Z/LH+xr8cv5WUHath501ni1UpvaUTibllm4xZZxQDQFQAAAAAAAld2AANWdhpre+3AA2YrX2fgn5SRjNlTv+yabX6Oq195Y1j1WMA7KdNUXFx71/ERlxAGwAAAAnbpqgAAAAAAAAAAAAAAAAAOuGrPD4mnWX2JXfpyesdRWHxdSnHwXzQ/heqOHJsq3r+zqVb7eHfZT/AId4v/BVYwWSjfuttdWrEIgBZ9AAKkmpNySaWi6kKotptLSO/kBABuAHF9AE2tgAAA9U5zpTU4ScZLZo1Xo4597LQxD2l9ifr0ZjBVl09Vac6U3CpFxkt0zzya6WJjVgqGKi5wW014ofmvI5YnDSoNO6nTl4JrZjS69xxLFOUlGKbb2SPdGhOtK0dEt5PZHaVaFCLp4fWT8VR7v0Ody51O1mPG70KlSwyvXtOpxTXHqcq9epXfffdW0Vsjk227t3YEx53ey5+p03Yh+94GOItetRtCq+WuGYTRga6oYj6TWlNZKi/dZ4xNB4bEToy+y9H1XDNs35cixV3qQBHWvCEWsksyt0OQuAADtZWfr5AAAAABZZdMt9tb9fICAAALgAANAAAAAANt7+gAAACpKTSbUfNkAAAfMAAAABWmkm+dUBFq+gFna9nbqAHFgAAAAAANtu7d2AAAAAAdKFedF916cxezOzpUsUnKh3KnNN8+hlCbTum01yjFw53O25nxq9LPSbWTJb7PQnBqjVp4lKFe0am0alt/U41qUqMss00+vDXkMcvV7Lh7nTmADbAAAAAAB6B2vpsHd7u4De2v3mzCrPhcXQ0bSU422bRkTzNZrJbNpcHfBVVRxkJXvBvK/R6FjWPbODpiKToV50n9mTXyOZGTZJ3346A34jC0lSk6FKc4JpQrQqKam3xJfZueJ+zK8WknF97LJ2aUHZvW61Vk9V0C6YwbJYKDo05068LdnOpObvaylbRWvfXY8wwE5VnS7WC8OVpSeZSV07JXt5sGmUHqcJU6kqcvFFuLXmjyEAAACTe3qNLAAAFq97AAAAAAAAADV7PnFV3Qqu1KvHs5eT4f3mUBY9VISpVJU5q0oNp+p5NmN/1FCljF4pfR1f41z80YwWAACAAAAAAAAAAAAAAbcC5RhOVXL7s/FGS0fp5nKhRiodvXeWnwuZHivXlWlqssV4YrZGPK26xdJPHmtOLTeHjPDW922aW8X+8YTrh8RPD1M0La6Si9pLoztXowqU3iMKvo0rTp80/wDx5m5JOkyvlyyAAMBsq/6n2fCtvUw/0c/OL8L/AMGM04CrGniMlT6qquzn6Pn7wsZge61KVCtOlPxQeVnm7T0dgiFla/dTS4uyCwAumW3PUhbu1vmBAAAAAAAABpfQAAAAALfRKy05IAAABJvYAAGmnZgAAAE7O9k/J7AAAAGlmL6JaAAANUAvcrtZJJ35d9yOyejuV5cqs3m1uraICACzte2gAAAAno1Za/gAAAAAAAL3NFHERcOxr60+HzEzvV3YJljMpy1jlcbw64ihKjLfNB+GS5OR3w9dRXZVFnpS3XT0POIoOjJNPNTlrGXUzMrLqtXGWbjkADbmAAAAAAAA14tOvQo4pLvW7OpZfaWxmtZJqM81/h+41+zK84VJ4dVJU1WVlKLtaXBznjMdCcoSxddSi7NZ3uWtX5V4ufelTw0aVWp45xUrvW+i2WqR6nj6spxmqCjK7lJ96Wa6s1rstXojn7/jf2uv/Ox7/jf2yv8AzsiLUxUpU3Shh406fZumklJ2Tkm9XzdHuGPqxTvRT0hbxLWKsr23Xkcvf8b+2V/52X3/ABv7ZX/nYHKrOVSrOpKGVzk5PR21PB1q4nEVY5KuIqVI3vaUm0cghpZ9QAAAAACys3f5AAGABbJrTfW92QJXdr29QAAAAJNuy9QANfs+cXOeGqtKlXWW/wAMuH95mnCdKpKE1acHZroyJ2i1Za7PlGzFf6rDQxi8cbU63rxL5lX0xFllu8t8vFyFklGTSkpLqiIgAAAAAAAC3QFtLgAaKFGOTt6+lNbLmTJh6KnepVdqUPE+vkea9Z1pZvDGOkYdEc7blfGOmMmM8qletKtPNLRLaPCRzA4NySTUYttu6HShWnQqKdN2a36NdGcwVGqtRhVpPE4ZWivrKfwP8jKdKFaeHqqpTdntbhrozriKMJU/ecOvo27SjzTfT0K13yzk4sAGWzG/T0KGL5kuzqfxLn5oyacGvA/TUa+E5nHPD+KP/gxra/4BacmieDxEZJdndyllspJtSfDS2fqcFqz6UZUsLUpKNejOlnvUnGWacm01mtwlciRhnhq0KkabhmlPw5GpKXGjRYYWtOpOmoxUqbyyzSSSfS75OkpdhSw9KFWMpQlJylTldWbWl/RHSrKniHiqarU4ZsT2sZSdk46rf5hWSNOpKr2UYSdS+XKlrc6TwdeLjpCalJQThNSSk9k7bHX3mnL2lWrtuNOq5pStrFSTV7HTDrD4eFPtJ0HUVWDUqU5O6UtW1slbYIy18LWoRzTUHG+VuE1JJ9HbYe61lUjTlBQlOOdKclHT5mvFVafu9VZsMpOqpwWHvd76y+W3mc5uliauDVWtFRVKKqyk9u8216hXCeFrQrQouKdSpbKoyUr321RyknGTi907M24bF0ve51aynGVScbSja0I32+6y9EZcU4PFVXSbcHNuLfqEcwAAAABJvb1Kk5NKKu27JEAFacW4tWadmQAAAAAAAAAAAAAGmupbNOzTXqgICzSjNqM1NJ6SStcgAAAAAABZO7vZLS2iIA1AAAAABoABXo7EHD1AA0UK671OveVObu290+pnF7dCZYzKarWOVl3HWvQlQnleqesZdUcjTh5xq0/dqr0fgl8LOFSMqcnTmrNPUzjb1e1yk7nTyADbAAAC4vsHvoJLLJptNro7oANVr9zNeKXvNCOLj4vBVXR8P5mQ7YSuqNR51mpTWWcfIsal9OI/91OuKoPD1nBu63jL4lwzlvuRnoAABqzs9wW6ypW15d9yAA01a6avqvMC7fIDSxY5bvNe1uOpAAACVwAAAbgAAAAABYtJu8b6O2vIENGBrxoVmqqvRqLJUXl1+RnYB064rDyw2InRlrl1TXK4ZyN1O+NwXZb18Or0+s4cr5GELQMAIAAABzYADpQoyrVVBaLdvojmk27JXb4NVVrDUewi+/LWo1/YxlbOJ23jJeb08Ymsp2pU9KUNvPzOABrGamozllbdgBTSIUBq3KfoAvZ3OuGryoVMyWaL0nF7SXQ5AEunfFUI08tWk81CprF9PJ+ZwNGGrRg5UKyvQnpL918M54ijKhWlTlq1s1yuGP6t+Uw9V0K9Ost4ST+XJtxs8Nh8VOmsDSkvFF9rNXT1XJ8814r6XBYWtyk6Mvlt+BD08+84b/l9L+tP8y+84a1/+HU7/wDVn+ZlARp95w3/AC+n/Vn+Y95w3/L6f9Wf5mYf3A1LEYVvX2fTt5VZ/mHi8PJ3lgKbf/Vn+ZlIBq95w3/L6X9Wf5j3nDf8vpf1Z/mZQBq95w3/AC+l/Vn+Y95w3/L6X9Wf5mUAeqjjKcpRgoRb0im3b5s8gAAB5gAABU3FpxupIgLFpXvFO6sr8eYEAD2WoFyvLmt3b2v5kAAAC1wAKldPXZXIAtcrblrJtvzIna+ieltQAAAABqwAAJXdg1Z2AAAAAAAAAFlltHLe9tb9SABZ2vbQAAAAANf+7of/AHU1/MjIe6VSVKpGcd0Zyx3zO28ctcXp4WoNOLhG0KtOKUJ3d/PoZtOFZFxy8ptMsfG6AAVkAKm07p2AgAA2YdxxVH3WbSnHWjJ//wBTG04txkmmnZp8MXs9DZP/AF1HtYr/AFEF9JFfbXxLzK12xgAjK6Zd3e+qtwQAAVpKKd9eVbYgAAAAAABVt532IEAuLDd6vcAE2mmuAAAAAAAAeqVWdGrGrTdpxd0zVjqUJRjjKC+iq+KPwT5RjNOBxEKUpUq6zYeqrVF06NegWfDMDtisNLDVpU5NNJZoy4kuGjiECptJrh7kADkFLTpupUjCO8nYW6JNtOFywTxVa1k7RsuTNOWacpXbu73e79Tti6ic1Tp6Qp92PryZzGE/6red1+MVSaTWmqtsFvqAbYQulvMAAvO/l6gFdlZLTTXXcCAABz0NdJ+94f3d/XU03SfVcxMhYycJqcW1KLumupVl0hrw30ns/FU+YZasflo/wJjIqpGGKpq0artNfDPkvsvXGKm9qsJU3fzQXWqyO3GoWmvKCVtHutGCMmnIAAhQABC3VrW16kAsnmd7JehAWLs7q6dtGmBAAAAAAAAEtbPQAqtre+2luoECdggAAAADmwAB2vpsAAALpZ3AgAAAAAArXV9uRo27aLzAAAAAAAWjuAAAAAAANLPe/AAArk2knwrIl9LAAacJJVIyw07JS1i7bMzyi4ycXo07MJtNNbrU0YtKpGGIitJq0l0Zz/XL/XT9sf8AGYPZegTad07A6OYAAAKotptLRbvoQAeqdSdKpGpTlllF3TPIA14inCvSeKoRSt9bTX2X1XkZD3QrToVVUpuzX3NdGd8RRhUpe84ZWh9unzTf5Fa7ZUC6tWXqQjIAAAAAAC7tbi9wAAADcAAAAA2Au73uAAGwAAAbsLKOMoLBVWlUjrQm+vwvyZjlGUJOE4uMouzT4Z5R9CVvaVBzX+8pLvL9bHr6oL2+eAAgasP9Dh51/tS7sDMk5SUVu3ZHfGNKcaMPDTVvmYy5sxdMOJcmcAptzAAtdk36AAe1Rqy2pyfyPaw1XK/op5uNrfMvjfhqY5fDiDr7vW/VSPDpzj4oSXyGqeN+HkApGU2dxYADVgpxlKWGqO0Kyt6S4ZzoOWHxtPNpKnUV/vOPpoa8d9LTpYtaOayz8pIrXccsbDs8bXhwqjscTX7WX/yFRr7SjL70jIRL2FkkpNJ3S56lTTXevpG0bHkIFlLNl7sVZW0W4SurK97ks7XtouQIACihPh2/IhSCAC7tYAAAAYAAqlZNZYu/Var0IAAAAAK11fbmxZWzPLdxvpfewEAAAAIAVbW0C1Oqp3A5W8yHZ0zlKNgIAABeEra335ZAAACvfQAAAAAAAD0AANNOzAFUsqatF5l0u0QC7AAFScmlFXb2QENOF+lp1cO/tLNH1RmPVKo6VWE19l3M5zcawuq8g7YyCp4iSW0u8vmcS43c2mU1dAAKgAAAAAHShWnh6inTevKezXRnMJ2A1VqMK1N4jCrurx0uYea8jKe6VWpSqqpTeWa6GmVKGMg6mGWWstZ0Vz5x/IvbXbGNACMm6ALFJu0nZdbAQAAVtWVlbr5kGllvfkAAPQAAABW03orEF7NMraeut3uBAAABb7eSsSztcAeqdSdKpGpTk4zi7po8gDfiKcMbRli8PG1WP19JcfvLyMB0w9ephq0atJ2kvxXRmrE0KeJovF4SNkvraS3g+q8ir244KK7V1JeGnFyOMm5Scnu3c1YenP3Nun4qkrX6JHN9hR0f001xskYwm7cnW4/jI5U6VSq+5Fvz4OvY0qf11VX+GOp4qV6tTRysvhjojmnstEdd4xjeM6m3ftaEF3KOZ9ZsjxdW1o5Yr91HGzauk7Ld9CDyp55Orr1n+ll955dSo/0kvvZ5Kk3rbTqZ3U8rXqNWcXfPJ/8Acz1HE1o/pG/XU52fRlyy6M1PJqefp296zfW0oT/BlyYar4ZSpS6S2OGV9GW1h5X2vll/1Hurh6lPVq8fiWxyOtKrUpeCWnR7HbLSxHhtSq9OGNS9J4zL9WQ1YT6WhiMM95Rzw/iRnnCVOWWSaZ7wtTscVSn0kr+hmcVmcXl29qa4inLrRg/wMZv9tJLHZVtGnFGEJe0BSEQASbdkm35Bu4ABW5v8gAAIUUhRra9tyCAAAAAAF3a19L3t5gAA3d3/ALAABoHvonYAAAAAA6U1dn0MHQVaqoN2R86DsaqdVxs07NdAO+Mw6o1Mid9LmCokr6a8eRoqVXK7k231Zmm7gcwNSuTkkm9IqyAgCTbstW+Bqn0YAAABwAACAsAQAAAAAAABbp3tFJt39Am0muGQAAANNf6TCUKnK7jMxoo97BV4/C1JGd2VrO+hjDjcdM/VAAbcwANtu7AAB79AC9QAALGThJSi2pLVNbogA25qePVptUsS9pbRqevRmSpCdKbp1IuMlumeXqaqeJhVgqOMTlFeGovFD80XtrisoO2Iw06CUrqdKXhqR2ZxIlmhK7tsWStJq6dna62ZNLAIFSu0rpX5exCu2rtZ9FsBAC8b6gQAAAAAAuAAAAB24BYxc5KMU23wgdmr82a8NKWBmq8puMraQW79fI8Nxwt1G063L4icY5qlRfacnqa/V1kmP+vqY6i6+GjVwqyqCzToxesb8ryPk76m6tOpRxzq06ipuKSXN10sd5YehjlKrh4Za+8qTdlLzRnDG3GWt54W18rd2R7VGo9ctl56Ht1XB2vlaesYxseXWeto69XqdfHCd1JjhO69RocZ/lE9dhCK1v8AOVjjKpN6Od/TRHkvnhOoef051i0fRR5p/ix2sFtL7oGcvJPu31D719RoVWL2lLTXwIqqQf2vvgZke0rj72R9/JoSjJ6ZH6PKeuztu5R/i1X3nGMTvTvHZ/Ifd+Ys+rPceJUWvFHTqtjxKlZXtddTbBp9Iv8ABknS3cUk+Yl1LzFuMym44RnGtFU62/2ZmedGcKqptatpL5napTVrrZmr2fFYitShUWtOWZPyRm88VjW+L25e3IKONUlzBfhofPPp+1YzqUqNV6u8r/fofMM5TVYzmqEKQywAAAAABC9CAAV2d3a3kiANgAAe+9w1Z2AAAAABr0AAXdkr6IAAArWeuvAABK7Sulflgsnmk3lUfJbIAj0pWZ4AHtzueb3I7N3StfhcAAAAAAAAAAHbgadQAAAAAAA7WWmvIAAAAAAAAAGnA6zqQ+KDMvBpwGmLh53X4HCatKS6NmJ+9dL+kRWtre/HQAG3Mv0+YAAD5AAAAAdr6XtxcAAAVqzaunblciMVK95KNldX58gOuHxNTDtqNpQl4oS1UjtLDU8SnPBt5t3Rk9V6dTGt1dXXQuZqWaPdad1bgu2t/KNNOzTTW6fBeL/ia1iaWJSjjFaWyrRWq9VycsRhKlBKd1Ok9qkNU/yBZ8OFm02ltuACMgAANtu7d2AAAAX3gAL6NWWvIAAHRUXvJqK6vkslvTUxuXTxGLlJRirt7Gpx7GDhSSUnpOo3ovJB2w3dpJyqyWr6I8OF3etNyfwrg7Y4ad8MPH/XhRp3sr1JdFojvRUu1gm1BXXdiv7nGVZRWWCSXkXCNyxdO/Uz9SzHCtTLHG6i4ir9PUyqzzO7OUak4yU4zcZx1TTsKv1s/wCJ/wBzyc5lfGRwzzytfRVSh7SSjXaoYraNT7NTyZir0KuHqOnWg4y46NeRzNtDHp0vd8ZDt6PD+1H0YZ3L2xA3V/ZzVPt8JP3ih1Xij6ow3ImtB3wVCGIxUKU55Iyvrpdu2yvyzgdcPVVGpnlTjVjZpwls0/7MI1YjAONaFOjCrCcoyk4VraW6NaM8UcHWqKMoqOWVN1U5St3U7Ns9x9oqM6PZ0EqVJSWSVRybzKz1PUcasuSFFRj2LopZr2Td7kVJ0J0KmSdrtXTi7pp8o6RjoSdbtnTbjlyQUN97cnuAG7DezpV6We+VPY5Soyp1XSn4lszXhPaEaVHs5pu21jPWqvEYjPdLy6GsLZk3hdVwnSi1JbM9ezafZ0qlWWmZ9nH/ACesrq1FGG8vwOPtKqoONKk+5RVl5vk75z4ejOe42V6UZUJxa0S0Pzs1aTS6n2MVVllWHv33SUvmfGbbepzzcfq+qhCkObipAAGq30AADYXdkuEAABClE0t5gAgAo43AnG2vUAAAAAAAAAAAAADbbu3cAAAAA3BU7X0TuragQAAAAAGgAAAAAAAGllvcAAHvoAAACAAADtg/93S9TnVX0s/4n/c6YP8A3dP1OdV3qz/if9zH/bf/AA8jYDi5thXl0s29Nb9SBbX0DtfT8QAuAAAAArd7baaEAAqtrd2000IldpXS82AAAAHWhiKuHbdOWj3i9U/VHIBd6bMuGxX1bWGrP7MvBL0fBnrUKtCWWrBxfnszmaKOMqU49nO1Wk94T1XyKu5e2cGz3fD4n/a1Ozqfqqj/ALMzVaVShPJVg4Pz5Gks08AfiCIAW7t7re1r6nuFJzV/DH4nsWS3pZLeng6RpO2abUI9XyXPCn9Wsz+KX+DyozrS5b5bNST/AGukxk47q9pGC+ijr8UtztRj2X09e9/sp7tkoxj2ihT70uZ8JExFZSqdzVR0TOvU3a6zWM8sqTq7/Zv97OMpN+S6E5vv6kOeWdrjn9S5Hnwd8Em8VTsuTjrbyOmGdsRTf7yOOf61nC/lHmr9bP8Aif8Ac8nTErLiai/eZzLj1Ey7oLX215YBUdKFerh6mejNwl5bP1NvvGDx3+6j7vXf6WHhb8//AH5nzgVZdNmI9mYijHPFKtT3U6ev4GQ64fFV8M70ajj5cP5GxY/C4jTG4RZv1lPcLxXz4nuOjNywODr/AO1xyT+CotTtQ9j1FP6WUXHhxe40eNYoM0Qm0tOUaMT7MlG3YLP5XOdP2fi3vSjH1kiaPGopnulnnUUacW5dPzOvudGgr4vERj+7H/254re0YU4Olg4KnH4nuxOFk1201pxwtOUItOtJayX2T5VGDrYmnT4um/RanVytTu97aik/dcHUxD0qVe7T9Ov+T0ZzUj058SOGIr5/aUqieillXpsZq8XCtNJOylueL2t5HbG/7i/WKZy7jz73jXAhQYcy40s738gTpqABbPLm4vYgAAAACxi5zUYtXfLdkB5Kr3VtyXLs7gQAAGmkn1BYtJ3aT8mQCyi4PLJNSW6ZBuLvqAALCOZqN0vNgR24AFgAu3uAAu7W4AAFjJxd1b5q4cZJJtNKWqvyRu7vZLyQAAAAAAAA1b8/MAL2d0AAbu23yAAAAAAAAAAK01a/KuQAAm07oAX0sBowC/1cX0TZnk7tvqacH3VWqfDTZm4MT966X9JAAG3MAADV8ABauwAAALLrr0AAAAAANgAKtCB2u7Xt5gBq31bAvbVbgHpujTSx1WEezqJVqXwVNfuZmBVls6bOxwmI+oq9hP8AV1NvkzjUweIpSyzpNX2e6fzPKpJLNVeVdOWdYY6tRtGk7U19iSuma1rt01Jzk52p0t+/LpwjxOcpvvP0XQ1dpg8Q/pKTw839qnrH7j3/AMOlBOcLYhLZQ/yi83idLq5cTplhSVs9R5YfixKbnG0e5TX4ieZybrXT4i1Y8d6pNRXOiRrjHiLuYzUd1JU8K2tHU7sfTkzHbFyTq5I+GmsqOJjO7umPqXd18BZSzO7SXorAhhzCxeWSl0dyAEaMerYqTW0kmcDRiu/RoVOsbP5HCLjrmTemlnbUx9P9Y39T9qgvpYarXzBtgA+YAFBAL66mzA46WFly4vi5jHHNwsun08T7Vq1NKUnT9DK8VXn4q9R+sjOE7Attdc2r6+hYd6aXVnO7WjTTNvs/CyqJ1Z9yHxdV5GsZutfTnllp2o0lWzSqO1KLvJvp0MeOxTxNa60px0gvLqdMfilJrD01ahC10tMxi3va9jf1c7lXT631PK6R2s7nfGfWQ/gRw013vwd8a/p7dIpGZ+tc5+tcCFDVnw/QwwavRakKQC8WfqQAAANOdgIAABb21W5AAvcXAACz6AqbSaTaT0fmBACptXs7XVn6AJKKk1F5o8O1rkAAbh6N2d11BYtxd02muUBAAAACbV7PfcAAwAAAAAAANw002no0AAAHSlh61ZN06NWcVo3CDlY8ZJKOZxklfLdrS/T1Po4StToeyW6nbf7nRUp5XfL/AGO0Jr2hGMpxpx7XGOWST08G2m4V8cH2q1DDRqSqSoU7rCzm4NWWdNcJ6PyuWnh8NOq5QoU5VZUac40lHMrvxNRbX99CGnxLc2dup6yTyxlkllk7RdtJPoj6eJ7P/hmIhh6cOzhitdU3FW3vfrp6HTCVKUsDgsLVcVGpOUoye8ZqWnyeqGx8iVOpBNyhKKTy6q2vT1PN7H3FSo1cZ9KoyjLG1U03o1lOWHpYWusLVlRpRnOlU+jitJSi+7o3q7eepR8gGr2lCnTxVqcOz7qco6aS50TdvQytWdtPkEAtQafZ6g8Qs+xLdTaybuljCVPA1G1rOSXyMp96ok6NRzta34nwpWzO2xy+ll5S11+tj42RCtLKmpJt7roQO1lZPzOziADi4AAqtdZr25tvYCAO13ba+g41vfjQABuAAAAAFknFuMlaS0YEAAAA6Qpd3PUeWP4sslrUxuXTzCEpu0Vc6ZoUtI2nP4uEeJ1W1lgssOnU8GtzHprcx/XsbcneTuxa+i1YO2lCPDqNfcSTfNTHHy5qvLR7zUe0f2VtE8QlKEu1c5KXFnZsiVu/PX/J5lJt3Zu3TpctNS9o1JLLXp068f3lr951w6wNWpnhnoygm2paxPnnei7YavPl2iZxu6zhlbeXSfs+u050nCunreEjNOE6btOEov8AeViRk4SvFuL6p2NNP2jiYrLKSqx6VI3JwxxWUGx4jB1PrsI4PrSlb8B7vgqn1WLcHwqsbfiTR4/DGDa/Zldq9J06v8MzhPCYmnrKhUXmo3GkuNe4fSYCcXvTlmXoZjThJtYlxqXtUTi7rc4Ti4TcXvF2OePGVjeXOMqAA25gAAFIVJtXtpewAsmna0VGytpz5nuGHr1UlClUkv4bfiaYey61s1adOjH953LqtTG1i9NT3Ro1a8stKDk/LZfM2Jez8PvKWJn0WkTnW9pVpxyUkqMOkN/vLqe18ZO67wweHws17zNVam6pxWi9TzXxUq0nJvLSp7RW1zNFOnG29Se76IleWVKktlqztJMMdvTNYY7cW7tt7vUX0sQHDt5Ly90Y560I9WesS82Im07q56wvdlOr+ri38zjfd63Nf8tX9QhSGGAAPTcAAAAAAhVa+o0Jx5gAABUk07u1lppuQAA1onda8dAAAACu9gAAAAXdrX0e4AAAAAAAAAACztcAE7cXDunZhN2s27AAAAAAAlkUAFZO+WL9USy6FAEsuhUr8FVr6tpc2CdutnvYDzp0Q34RdixjmaUbuTez2AnyQAAHbDwzYmEYu60bfTqcTTR+hwtSrtKfcj/kxndRvCbqYjEzqSlFPu5tPQzgGpJJqM223dAHa+juCoACVszy3txfcAAALdOKSSTW76kd3uAAAAAAAABpbzAPQLVpLdnqEJTlaKOjnGistPWXMvyNTH3W8ceN3pFGNLWdpT4j09TnOcpyvJ3I9QLlviFy3xOgA60YLWpPwx/Fkxm7pMcfK6WCVGHaSV5vwp8HhK95z1/yVt1ZuT2/seJSu9NEtjpbJP46WyTjolJyd2QA527crdh3WmBfnUOB3/8A0L8qhrH21h7cCyWWVrp+ad0QGGAAf3ALTVaPyO0MXiafhr1Eul7nK7vcgWWxsXtTFaZpQmv3onevi4OFOq8LRqKa1bWqZ8y2hqwtqtKeHe770PJmcsrOXTDK3h796wj8WAiv4Z2L2+A/Y5r0mYvXS2gN7Y8q29t7P/ZKn8//AJHvGAW2Ck/Wf/kxAbPKtvvmFj4MBD/udy/8UqR0p0aNP0iYQXdPKtNT2hi6m9Zx/hVjPKTm7zbk+sncgJtLbVOtOKhHtJr+FdRTh3FKp4E7pdWeo5qs7vTouiOuGHt3+nh7qruRlVlq3sZ222292e61TPKy8K0R4vYn1Mt3UZ+rnu6nUAQ6UKfaVUn4VrJ+Rzk3XKTd09z+jwsYc1HmfocT3WqdpOUr72SXkcy5XnhrO7vAADLC3TSjZK17y6kAQAAAAQAAVJNPXXhdSAABwADVggAAAAraaSy2stfMnAAAAAAAAtpcNNJNxaT2dtwA4sAAAAAFi4q+aObRpa2s+pAAAGmmoAAAAVWe7t8iAPMAAOXpYAAWTUpNpZVwuhAOADbe7AF9LAAAB6hFznGEd27HXGSWeNGHgpKy83yesOlQoyxEvE+7BefUzepzn5Zf46X8cdfIBpyDo5vTjknlntzlZ5IUCq1ndX0012IBfyQANNbgAAA9EB3eEqKnmUoSmkpSpxd5RT2fTlc8nqWBqqcYRlTm3Jxk4y0g0rtP5X+5nRVcNQow93rxk1KM5xyNObTva+ySPdPFYag5xjVc4VqkpSeV3hFxaWj3fe46BWWWGmqtOEHGr2vglB6S1tyRYabxbw14qpmcN9GzRHF0aNKFBJV1GDi5qThvK7Sur22RxxleFTG1a1F5U55ou+vqBMNhqmJfccV3ow7ztq9l+DPUcHVvWzpQVFpTv5u2nU1qvQ94oVoPJRVTtql19t8Lql/k5Tx9OpgalGV41O7GGujinfXzRrWua3MZJuvNXDV41KeHhTs6kcyV9bXt3uhyjhZOdSMqtKmoTyOU5aOXRaEqVYOOFSl9XG0v5m/7HenUwrxWIxE60YzdRukpQbWrvmaX9iW2s5ZXJknGVOcoTVpRbi10Z5tpfjYs2nOTz59X3vi8zzddSMvUIuclFbs6VpbUoeGP4stL6OlKry9IniCsnN/I6yamvl3k1jr5/wD0TeVZF8zwGDFu3LK7ok27LcAsUm9ZKOnJllDvS72Erx+FqRw3fCO+Da7Vwe04tGsO2/p/tpwBWsrae6diGWAAAAmE7AAeoScJqcXZp3RHpuEk3q7aAd8XFSy14Lu1N/KRw0sjRhZxlmoVNIVPwfU41ISpzlCS1TMYcfjXTPn8o8ghTbmcLQAADpTglHtKmkeF1KoRprPU34iScnJ56nyidccdc12xw8ea9OTnJNr+GIqyyR7NPvPxMq+ijnku/LZdDhvfX7zWWWm88vGa90ABweYNE/oKKprxz1l5LoShFQj29RXS8K+JnmEKmIlOSy6azlKSjFfNmuo6T8Z/a5A7xweIlKUciUovLZySu97Lq/Q5qjUdCVZRfZxdpSask3wZc3gHapha1KGecVZWzJSTcb7Zlxc5zpzhCEmtKivG2t9bf3A8hWurq65NPuGI57KLzONpVYq7W6XU5KhWcKs+zko0vG2rZXe1vUDmQ7e7VrUvopfTO1NcyJWozouOfK1JXjKMlKL62aA56WfUltLlIA3AAAbAAAHZJWd9PuLNKLspKS3ugIAAAAAAAC6r5kAArlKSScm0lZXeyIFzsAAAeml0/NAAAAAVm1d2XUAAAAAD1e1gBXaU+7GyeyuQt7Jqy156AQBb7XsAD3AAC7s1fRgAAAAB0oUnWqqC0W7fRHNJt2WrNVW2Go9imu0nrN9F0MZXXE7bxkvN6c8VVVSplgrU4K0V/k46W8wHruaxkk1GbfK7puACoAAAAAAAAHqlUlSqKcVFtfFFSX3M8gDT7/X+DD/0I/kPf63wYf8AoR/IzADT7/W+DD/0I/kdaeLq5e0qQw6h/wBCOv4GanBKPaVPDwup4qTdSV3olsuhuSTmusnjN1pn7Rry+xh1FbJ0Yux59/rfBh/6EfyMwM1zttaff63wYf8AoR/Ie/1vgw/9CP5GYERp9/rfBh/6EfyL79Xf6PDvj6iP5GU90VerFeZcZu6axm7I7Yyq6tSEGoLKrd2KivuRxqXVlxbQ9N3qzl02OVzpnXT6l7CrLZ3Tvw77EBycQAALNpvhFjJxkpLdO5AB3xcU5xqx8NRX+ZwNGHkqtOVCTtzB9GcGnFuLVmtzeXPLpnP+p7TYArWV20fmjDmgAAFUXJ2XqQADX/u6PWtTX8yMqWjd1pwWFSVOanB2aM5TfM7bwy1xehWs7rXhkNOIhGrD3mktH44/CzlCk2s0nlh1NYfn0fbu9R5p9pdqF+9o7co6dyj+/U/BEdT9HRWVPnlnjSG1nL+x1kkdJJj1/wC1fdeao7y6HuMcn0lRfwrqSnBJdrUfd6dWeKk3Uld/JdC71Nnl4zd//v6k5OTcmyAHK1wt2HWjSUrzqO1OO76+Qo0c8XUqPLTW76+h2njKUko+5Uskdrzl/hl1rmtySc1wrVe012tpGPCR0wlOjUnLt6kIwirqE5OPaPpfoPeaP7DQ/nn+Y95o/sFD+ef5mbds223daFUVWdPta9FSpYjtG14ZJ5fD6Wtb0OLrfQYunOTUpTi4Qb27zbsefeKP7DQ/nn+Y94ofsFD+ef5gdMRGnSwzhRxFGopWdRqTcpvolbZMmDrUo0/pmr0Z9rTT+07eH71F/JnNYij+w0P55/mX3ih+wUf55/mB0hXTw1CPZUsRVjKpOTqX7uqd9znDEOdPFdrUbdSF0m95OSb0HvFD9go/zz/Me8UP2Cj/ADz/ADASnGrRw8KlVpqc88tW4p2s/wAC4uUXSoQzUpTgpJ9l4bX0+e9/kT3mh+wUP55/mT3mh+wUf55/mBwCtrdPbQ61KtKcMsMLSpO/ijKTf4s4hA9OEsiqZZZG2k2eQAAAAXb1vqAtHtcAA2m20reQAFSX2r28iAAAAKk2m0ttyWsVNKL01632IAAABW5AAABvRKy056gAAAB6hOUJqcJNSWzPIAAAAHruABYTlB3hJxdrXTIA2nsktAAAAWdm+gAAO19NvMA0YelFQ7esvo1sviZMsvGbaxx3dPVFLDUu3qLvy+ri/wC5mcnOTcneTdz1WqyrVHOXOy6Hgzjjrm9rll6nQADbAAVNJSWVO6td8AQAAAr7/iAALleXNZ22vxcgvpbgA/UO3AAA6U6at2lTSC/EUqak3KTtBbslWpnemkVsjcmpuumMmM8qVajqSvsuF0PAvoDNtt3WLbbumvQAEQAAA64b65fM5HSElGrGS0SezeprC6ylb+ndZSk9Ivzkzmda+krebORr6n7aa+rxlou7JcIBA5uQA1Z2AAAAE2mmtGtjVJe9QzxVqsV3o9TKWE5QkpRdmjWN1xW8ctcXpLA1OMMUs0LQq8xe0jNKMoScZJprhi46Msdf4gs18wDLANweowlN2irlk30slvSNt7vbQsISm7RXzOmSnTffeaXwxPMqsp91K0fhRvxk7b8JP2daVWOFk2nnb0aWxcTTz2rU5XpP/wDHyOFlHxavoe6OJlTnr3oPSUeGjGcs5n/p08prxy6eHLS0dPPqeqcFlc6mkF+J1nhqaXbRlei1e3K8jhUqOb1Vktl0NY5Szy//AAlnjzl/9FSo6j6JbLoeCnSlQnV1StHmT0ROcq5c51zO8aMaUVOvp0hyx2lKhpR78/jey9DhKTk7ybb6svEa4x/te61WVV66RW0VsjwLrLayvfchm3bFtvNUJ22ICIobbd27ggFIUgAAAC36X8yAAk27JXYGwAAB6tu1vIAALaXAAhQAAADWxCgACtxypKNny77gQAAAAA4uAAAAAAABva4AAAAAW7tbi9yaAAAABXFq101dXXmQXAAGijQgodtX7tPiPMyZZTHtrHG1MPRi49tWdqS//L0PNeu6072tFaRiuEK9eVeS0yxWiitkcmrO10/QzJbd1bZJqAANsABXvoBACyi4pXtqrrUCAAAAWMnGSlF2a2YEAAA9wg6s+nV9DzFOUklq2daklTh2UXr9pm8Z7vTphjP2vTzVqJ9yOkI7eZzLGMpyUYRcpPZRV2xGE5SlGMJtx8SUXdepnK7vLOWVyu0ASvtrbXQrhNQU3CSi9FJrR+jIygR7hRq1E3TpVJpb5Yt/2EKVSpfJSqTtvli3YDwD2qckqmanUvDe0X3fXoecksmfJLJe2a2l+lwIAHaytfzv1A7ZHUp3XiS+84nSm3ldnaUdUenlra+Cf4M7ZSZasd8sZlJZ24jg9Tpzg+9Fo8nKyztxss4oACIbAAAAObAFutbeZojiI1I5MRHMuJLdHONGo9ctl1ehXCnHxVL+UUdMZlHXGZR7lhW1moSVRfic1RqNu8cqXMtCqtGH1UFF9W7s9RxdS1pqNRPhousPbX/x7ebUqe7dR+WxJVZSVl3Y9Edb4eSvOlKn6MJYa3drNPhyjsasvq6auN6lkji4rdu0fNDPbSOi68nXsKUrv3mNubonYUf2mPyiZ1fTHjeo4rTX8DpCmortKui4j1OvZ4ei05zlJ8LKSpWoqbbpOcuspCYzHtZhMOcry808TUVW8VmT0cLaWO08EpNVafdhu4zXhOXvFaSappQSTfdXBzhXqQnnU3m82cc5N+U7PPG8ZcumahS1gnVl1lscqladV9+V/JbGhxp4u8qVoVuYcS9DM1lzRnFqafL2LPqeXHTOdsnHTyAA5BXbh3F3a3DIBVvcN3be1wAIA7cACkBQIAAAAAAFeXKrXvyBAAAasAAAAAHacaXYxcW8/K4OI4f4AAAAAbbd36AALO17aAAAAAAvcAAAAAAAcAAAAldpddAAAAAAAFqe6VKdaeWCbfPkd81PCaU2qlbmXEfQxctcTtvHHfN6I0oYaKqYjWb8NP8AM41a9SrNyk91a3CR4lKU5OUm23u2Rqwxx93suXqdAvolZaci2l7fMG2AAsst+7e3FwIAAAAAAcAAAAAB0oQU5Xl4Y6suM3dNY43K6j1H6GnnfjlpHyRxPVWbqTcn8keeDWV9TprPKXidRpwNKtXqzjRcoJxvNxV2o32XPyNc3iarkqNOrTqxrU80b97Ko2i5f5exhpLCZF208Qp8qEItfiz3l9n/AK3GfyQ/Mww6yqrL7RhTUeybclZeLvq2v9j1JVvcK6rZrOMHGo5XhJJ6RXn+TONvZ/6zF/04fmS3s+31mL/pw/MDtQqUYezqarSrxi68taU7Nd2Or6netV7OliZV1PWvC3Y1LXWR2d7a3Rit7P8A1mL/AKcPzKoYCTtGeMb/AOnD8wNfs+Wfsqj7aNOnWk5NO6kmvtvjTnlEbfuDSjPs/dfrb/R+K+W3xcX3vwZLez7aVcX/AE4fmXL7P/W4vr4IfmQZQarez/1uL/pw/MOOATs6mLv/ANOH5lRmi3F3RZxT70dunQ729n/rMX/Th+Z6jHApNqpjLLf6OH5mplOq3Lxqs8Ks4KyenR6ovaU34qS9Yux7r+7SkuxlVXXtIpf2ZydOXFmvI1vL01vL1y9fQPma+Vxlo/rJfynhp31uQnl/E8vmOmWjzOT/AO0fQp7Tl+BzL3mkraLyHl/CZfEe+0gtqS/7ncOvO1o2iv3VY85JW109Rlit5fcXeS7z/wARycvE2/UKLlexc0VtG/qRzk92S691nj3VyJeKXyWozJeGNvPk8gnl8J5a6G29wD1Tpynd7RW7eyJq2pJcrwkYuUlGKu2dbxoK0e9U5fCJKpGCy0r25lyzlbQ1uY9dum5h12rbbbbvfe5ADPbkAAgJtO6dmaoV6daKhiVqtqi3XqZoycJKUd1sS1jOWMyaxyuLtXw86Xe0lB7SjscTrRxE6GkbOL3i9mdeyo4nWjJU6n6uT0+RnyuP7NeMy/Vmas7EPcqU4TySi1LhM8HSXbnZpRJJSaTuuvUgAAAAAAABVJpNJ6S3XUCLcBu4AAAAAOdQBXZaaPzRAAAAAMFaaSb51QEAYAqdmnZO3D5I9W2lZdOgAAsVd2ul6kAAALyV30AAAAALaAFZNNq/kAABf3rrfYgTaaa3QAAff6AADrRw1StqlaPMpaIlsnayW9ORop4a0e0xEuzhwvtM9dpQw31K7WovtvZehwqVak23KTebcxvLLrhvWOPfNdamJvDsqMezp/i/Uz8AG8cZj0zcrl2AeQKyAAAAE2ndOwAAceYAPUAAAAAAAJN6Lc7VbU6apLfeRMPFZnUltBHNycm2+Tp+uP8ArrPxw37qPZbAA5uQBd2sAAAAsouLs7XtfR3IAAAH9gAKkrPWzWy6kAAAACpX5SIB6U5X3Yzy6nkGvK/LXlfl6zy6kzSfLIB5UuVvs6NgF0y3v3r7WMsoNEmmtQk3srgAD1CEpu0Vc93hR8Npz68I1Md81vHHfN6I01GKnVbS4jyzzUquasllitkjy5NyzN69SFuXqFy41j0AFik5Wcsq62uYYRtO1lbT7/MELwAAAAAAAABohipZclaPaw8918z08NTqq+GqZn8EtGjKE2ndaPqY8Nfrw6ee+MuVlGUHlnFxfRk4uaYYuUkoVoKtHz3K8PRqtqlUyTW9Opoyedn7Q8Jf1rKD3Uo1KX1kGvPg8G5ZemLLOwAFQA4uAAAADjYJNuyHAAAWb21AADmy1AAAAAAAAAAAAAAADAAAAAAAHC0BWmkm1o9gIBu7LU0QwlRrNUapQ6yZLlJ21Mbemc60aFWo04JpL7T0R0z4ah4IOtNcy2XyOVXEVaz78tPhWiMeWV6jWsce3Z+7UP8A75/dFHGtiKlbxy7vEVokcwWYSc3mpc7ZqcQABtgAABgBaO4AAAAAAAABBbgAAAAAPVOOapGPDZZN3SybunSp9HQjDmWrOJ0xEs1aXRaHM1neW/qX8tT0AAw5gQABeYAAABWvq7eYAAAA25PV3YAFjKUb5W1dWduhAAFgCqSSknFO6trx5gQAAAXKrSeZK23mQAepJO8oq0dFZu7PJ6hTlPZaLdvZFkt6WS3iPNzpGlZZqjyrhcsuaFL6vvS+J7L0Obbk7yd2a4xb1jj3zXudW6yQWWHTqcrlerNWBlOKm04U4Jpzqyjey+HXr05M229s3K5Xlk5LdW8+T6dJ05Tw0IU4xo4mVRzjZPS70vxZWPMrKNalaKp08NGrB5VfN3Xe/m2yJp866ezTJmXVfebcdWm6VKlUyudlUm1BRavstF01+ZY4mtH2ZUkpLNGrGEXkjtllpt5BGNyS0jpda3e5D6ScoYmlhac6UKUoQcVOnmVZtK92lfe/pYUsGo4PE6Up1HTk7513LSWi1vffX0QXT5l9bFNtSo44dRq06eaeR0qKjqknu+ddrbu5MZO6hTrZHXUm5ZYpZFxHTf8AwBjDVjrXVJW7O9ra36nIIAAACxSckpSypvWVr2JsAu0007NB6gAdqWKrUlZSzR6S1R7dTDVfrKbpS+KGxnSTTbaVvxIYuE7jczvVaXg3JXoVIVV5OzOE6c6btOLj6o83ad07PqjvDGVoKzlnXSSuNZz+r+F/jhwE7PQ0uthqj+koOD6wY7ChP6rEq/SasPPXcPDfVZm22292DRPB14rSCml9qPJwlCUHaUXH1RZlL1WbjZ3EABpks2m0ttwm07rQAABe/QAAAAAsAFna/ACAAAAAC6Rk1pJLTTZgQvdyu6blpZp6EG70+5AAdYYavPw0pW6vQ6e5uKvWrU6fle7M3PGe25hlfTMPJbmn/R0+Z1n9yHvjjpRp06a9Lsnlb1F8ZO68U8JWnrkyrrLQ9ulh6VlVrOo19mn+ZwqValTxzlL1Z5Hjle6bxnUafe8itQpRprruzhOc5u85OT82eQWYydM3K3sFwDTIEAAAAAFk7tuyV+i0IASu0luwAAAAAqy5le+Xm25AAb+4BAAC37trK973IAAAA7YVfSN9EcTthv0nodPp/tHX6X7xxbu2+oHHoDm5AvcAAAAA50K7NtpWXQgAAc2AC3UACq2t2/KxAAAAAO19AAAdr6Xt5gFScnZJt+QO0LGMpO0U2dOzjD6yWvwx3PMqrayxShHouTfjrt08JP2dqNLCx/3FZqXwxg5I91I4Wbs8bNJbJYdpf3MYuTy9RLl6jVGlhYtuONmmlusO/wAydjg/2yf/APHf5mYWMstKpYRarGzv/wDt3+Z0pTpUE1R9p1qabu8tBq/4mIrd7aJWVtOQNqdNU6n/AMjXyTff+gdm311I+wdBUpe0arpX0h2DsvxMXFgBqnTws5ZpY6pJ9Xh3+YUMKoOCx1RRbu12Ds395lAG6nUhSp9nT9qV4w6KjJL+5zjTwkVK2Nmsys7Yd6rpuZQBvlWjKKjL2riGk00nRe625JVnSrpKt7SrVEndKVBu34mEAd6lPDxg3TxUqkuIui43+dzgAEAAACbTugAAAAAAAAAAAAsZzh4ZSj6Ox2jjK6VnNSXSSucAZuMvcamVnVafeoS+sw1N+a0GbBy3hVg/J3MwJ9uemvuX209lhZeHEOP8UR7opeDE0n87Ga2lwPHL1Tyx9xpeBrfZcJekjy8HiF+jv6NHAuaSekpL0Y1n8m8Ph0eFxHNKRPd6/wCpn9xFVq62rSVusty+8Vv1s/vH5/xPw/p7vW/Uz/lHu9b9VP8AlL7xWt9bP7ydvWf6af8AMPz/AIfh/VWFr/qpfcelg8Q/0T+9Hh1qtl9LP+Y8uc3vOT/7mT8/4fg7rA4ha2jHzch7nJPvVqUf+4zO73Y+RdZ/K7w+GjsKEfFi4+kVctsHHRyrT/AzeQHhfdPOeo09vh4eDDJ/xSuT32ra0I04ekTOB9vFPuZenWWIrS8VWTvpucgDUknTNtvZdgAqAAAWa3BU1Zpq7ez6C2ib2YEAHD2/yAAHKAaoB6sAAAAAAAAK19QAA/uACtrd+gAAAABpyAAO2GadWS07yOJYScJqS4ZvC6ylbwy8cpUas2nwEjriIrMpx8MtTkTKeN0mePjlYAtk1ZRd+dSIyyAAAAAAG4AFcnkUeE7kAAs5SnJyk7t7sgat0+QAA9xpTmr2sustCyW9LJb08FjGU3aKbfke/oocub+5CdSbSWkYvW0djWpO614yd1ZQp02802/3VuJVZZbRjki+nPzOXFlt0F3a19OEPL4Ln8cAGlnvcXuYYLgB6OwAAsouLswIAPmAAAD028wCt95tLLrougEFtLgAAAAAAAJtbPfQStdtKy6N3ADM8uXS177C7tbgcXAAJX5suoAFjNxUkrd5Wd0eSgAAAAAAAAAAAA0tvqAABUrptcEAAC+2u2wAO2lr+dwAHnx1Bb8a26XIAAtpcAABZ2vwAAAC4A4AAAAANOgFk8zvp8iAAAAAAAAAAAAAALGLk2lbRN7gQAc6gC6WvfW+xGrAAAAK5NwUb6J3tYgAEAAAAAd464SV9dzgwDr9T1/jt9X1/ge6viXov7AHJxeAAAK9wAIAAAAAAADRhUnd2VzlWk3Ud236gHf/AMb0/wDieAAcHmAAAAAAAAAAALLj0AAgAAAAAAABV4kABAtwABUABAABY+OPqi1PrZ/xMADyAAPUtFH+E8gAAAAAAAAABwAAAAAAAeo65r/CzyAA4AAAAACx3+TAAgAAAAAAAAAA9L6uT5ujyAAAAAAAAAAAAAAAAAAAAAAAAAB//9k="></p><p><u>AppColors.redh</u></p><p><u>Tyyuu</u></p><p><u><br></u></p><p><u><br></u></p><p><u><br></u></p><p><u><br></u></p><p><u><br></u></p><p><u><br></u></p><p><u><br></u></p>', 78, '2024-04-24 14:13:21', '2024-04-24 14:13:21', '123', 0.000000, 0.000000, 20, False, False, False, '5ca52d63-63fc-4e61-a5d3-57cd66295207', 'ad001229-23ff-445c-aedb-a1a95f69b5ac', '2024-04-24 07:14:20', 'user002', '2024-05-05 01:12:48', 'user002', NULL, NULL, False),
(2, 'tt', 'http://10.0.2.2:8888/api/images/15.webp', '<p>Frft</p>', NULL, '2024-04-25 15:21:47', '2024-04-25 15:21:47', 'tttt', 37.422114, -122.083976, 12, True, True, True, 'e64acb6b-f602-4990-b25e-fd8c2276e06b', NULL, '2024-04-25 08:35:09', 'user002', '2024-04-25 08:35:09', 'user002', NULL, NULL, False),
(3, 'new', 'http://10.0.2.2:8888/api/images/17.webp', '<p><u>123123123123ddddd</u></p>', NULL, '2024-04-28 13:40:00', '2024-04-28 15:40:00', 'wq', 37.422104, -122.083698, 20, True, True, True, 'e4defc52-084f-416c-899c-0697e3525757', NULL, '2024-04-26 07:16:17', 'user002', '2024-04-26 07:16:17', 'user002', NULL, NULL, False),
(4, '123123', NULL, '', NULL, '2024-05-03 06:16:50', '2024-05-03 06:16:50', '12123123', 37.422265, -122.083798, 20, False, False, False, '17534428-caae-4f3a-949f-60a44e7e2104', '6dae9ba8-5948-4b2a-b766-a5bf8aecde65', '2024-05-02 23:19:44', 'user002', '2024-05-02 23:19:44', 'user002', NULL, NULL, False),
(5, 'dqe55555', NULL, '', NULL, '2024-05-03 06:19:43', '2024-05-03 06:19:43', 'bbbbb', 0.000000, 0.000000, 20, False, False, False, 'fdef1d5d-1299-4c24-852e-5f18c0981c75', 'fabeff8f-0655-4440-9e2a-80be8b21be05', '2024-05-02 23:20:08', 'user002', '2024-05-02 23:20:08', 'user002', NULL, NULL, False),
(6, '22222', NULL, '', NULL, '2024-05-03 06:20:07', '2024-05-03 06:20:07', 'cvvvvv', 0.000000, 0.000000, 20, False, False, False, 'bcb0c421-35c1-4d3a-9b49-95920ab315ce', 'f458cbdc-53d2-48d1-8066-30ae3bd5be94', '2024-05-02 23:20:21', 'user002', '2024-05-02 23:20:21', 'user002', NULL, NULL, False),
(7, 'vbvvvv', NULL, '', NULL, '2024-05-03 06:20:19', '2024-05-03 06:20:19', 'vvvv', 0.000000, 0.000000, 20, False, False, False, '504b83fa-1a95-4020-ae6f-efd14b92de32', '401aa12a-ac7f-4e37-84a8-defe2ac6d2d0', '2024-05-02 23:20:33', 'user002', '2024-05-02 23:20:33', 'user002', NULL, NULL, False),
(8, 'vvvv', NULL, '', NULL, '2024-05-03 06:20:32', '2024-05-03 06:20:32', 'vvvv', 0.000000, 0.000000, 20, False, False, False, '3bc5b198-657f-4b66-8a79-ae5b548836d7', '844618ad-15b7-47fe-983f-7f21336cbbc7', '2024-05-02 23:20:45', 'user002', '2024-05-02 23:20:45', 'user002', NULL, NULL, False),
(9, 'vvvvvvvv', NULL, '', 5, '2024-05-03 06:20:46', '2024-05-03 06:20:46', 'vvvv', 0.000000, 0.000000, 20, False, False, False, '8cecd87c-7bc0-4a42-9cb4-c53ffeb2260f', '2b78fe89-da25-4838-946f-e0ab128b7dc0', '2024-05-02 23:21:03', 'user002', '2024-05-02 23:21:03', 'user002', NULL, NULL, False),
(10, '123123123', NULL, '', NULL, '2024-05-03 06:26:12', '2024-05-03 06:26:12', 'ffffff', 0.000000, 0.000000, 20, False, False, False, 'fa6fcc94-ebc5-47a6-b5f9-8736db10e302', '43ea1e2c-93cd-4460-8f7f-d07a43fb7746', '2024-05-02 23:26:28', 'user002', '2024-05-02 23:26:28', 'user002', NULL, NULL, False),
(11, '21221', NULL, '', NULL, '2024-05-03 06:26:28', '2024-05-03 06:26:28', '22222', 0.000000, 0.000000, 20, False, False, False, 'af2ec248-74b1-4bfa-a8ac-8469bb4683d3', 'b699720a-ce76-4ce4-9b8c-eb6d51a45075', '2024-05-02 23:26:39', 'user002', '2024-05-02 23:26:39', 'user002', NULL, NULL, False),
(12, 'Su kien 2', NULL, '<p><span class="ql-size-large">Daylight</span></p>', NULL, '2024-05-06 09:39:00', '2024-05-06 11:39:00', 'New York C', 37.421803, -122.083667, 20, False, False, False, 'f89d4314-2795-4978-9b66-650f4d871514', '19c95626-eae0-4fa9-8f7b-ac615c610c10', '2024-05-06 00:43:02', 'user002', '2024-05-06 00:43:02', 'user002', NULL, NULL, False),
(13, 'Tổng kết quý 2 VanaDT', 'http://10.0.2.2:8888/api/images/19.jpg', '<p>Chào mừng các quý vị và các bạn đến với sự kiện đặc biệt của chúng tôi - Hội Thảo Tổng Kết Quý 2 về Công Nghệ Thực Phẩm, do Công Ty VanaDT tổ chức. Chúng tôi hân hạnh mời quý vị tham gia vào một hành trình tương tác, năng động và đầy ý nghĩa, nơi chúng ta sẽ cùng nhau khám phá những xu hướng mới nhất và những đột phá công nghệ đang làm thay đổi cả ngành công nghiệp thực phẩm.</p><p>Nội Dung Sự Kiện:</p><p><br></p><p>Các Buổi Thảo Luận Chuyên Đề: Cùng tham gia vào các buổi thảo luận chuyên đề với sự tham gia của các chuyên gia hàng đầu trong ngành công nghiệp thực phẩm. Chúng ta sẽ khám phá về các xu hướng mới, công nghệ tiên tiến và các chiến lược kinh doanh hiệu quả.</p><p>Trải Nghiệm Sản Phẩm: Đặc biệt, sự kiện còn có khu vực trải nghiệm sản phẩm, nơi bạn có thể trực tiếp trải nghiệm và thử nghiệm các sản phẩm công nghệ thực phẩm mới nhất từ các nhà sản xuất hàng đầu.</p><p>Mạng Lưới Kết Nối: Tận dụng cơ hội để mở rộng mạng lưới kết nối của bạn bằng cách gặp gỡ và giao lưu với các đồng nghiệp, doanh nhân và các nhà lãnh đạo ngành công nghiệp.<br></p>', 100, '2024-05-10 02:00:00', '2024-05-10 04:00:00', 'Trung Tâm Hội Nghị Vana Plaza, Tp. Hà Nội', 0.000000, 0.000000, 20, True, False, False, '61b17ad4-925d-49b9-81fc-5a8090b7ca51', '0e5e334f-cbf3-4791-aeb6-5999257eeba2', '2024-05-07 22:16:23', 'user002', '2024-05-07 22:16:23', 'user002', NULL, NULL, False),
(14, 'Hoi cho Dong Xuan', 'http://10.0.2.2:8888/api/images/22.jpg', '', NULL, '2024-05-09 10:10:12', '2024-05-09 10:10:12', '123 Ly Thai To', 37.422102, -122.083817, 20, False, False, False, '672af801-1034-4d90-a766-213c3865af90', '1522cf6c-fc36-4d28-927b-b2d5fbb4376b', '2024-05-09 03:11:35', 'user002', '2024-05-09 03:11:35', 'user002', NULL, NULL, True),
(15, 'Diem danh 43A ', NULL, '', NULL, '2024-05-09 14:20:00', '2024-05-09 16:20:00', 'Truong Dai hoc Quy Nhon', 37.421871, -122.084474, 20, False, False, True, '76827c9c-5340-4c52-a757-351c33572945', NULL, '2024-05-09 07:05:07', 'user003', '2024-05-09 07:05:07', 'user003', NULL, NULL, False),
(16, 'Diem danh k43a1', NULL, '', NULL, '2024-05-09 22:22:00', '2024-05-09 22:22:56', 'QNU', 37.422220, -122.083988, 20, False, False, False, '6bd8fb42-4dc8-40eb-aed6-ffda5fd57804', NULL, '2024-05-09 15:24:04', 'user003', '2024-05-09 15:24:04', 'user003', NULL, NULL, False),
(17, 'diem danh1', NULL, '', NULL, '2024-05-09 22:33:00', '2024-05-10 00:33:00', 'qnu', 0.000000, 0.000000, 20, False, False, False, 'e0478640-bb0c-4b2d-acf1-4f5b0b67cdca', NULL, '2024-05-09 15:34:43', 'user003', '2024-05-09 15:34:43', 'user003', NULL, NULL, False),
(18, 'diem danh cty', NULL, '', NULL, '2024-05-10 00:34:00', '2024-05-10 02:34:00', 'qnu', 37.422150, -122.084414, 20, False, False, True, '10300b72-4f7a-46b7-a640-dd57c050dc4a', '44fbb1f1-5cbc-49ef-a759-d54c15310091', '2024-05-09 17:36:12', 'user003', '2024-05-09 17:36:12', 'user003', NULL, NULL, False),
(19, 'Diem danh xcq', NULL, '', 123, '2024-05-10 22:57:19', '2024-05-10 22:57:19', 'QNU', 37.422184, -122.084346, 20, False, False, False, 'fbd99bf0-c0ff-4380-9027-d65f27082af4', NULL, '2024-05-10 15:58:32', 'user003', '2024-05-10 15:58:32', 'user003', NULL, NULL, False),
(20, 'diem danh xqe', NULL, '', NULL, '2024-05-10 23:03:18', '2024-05-11 01:03:00', '12123 qun', 37.422233, -122.084422, 20, False, False, False, '4d98e284-d004-45d3-ac17-e1a1aaab01cc', NULL, '2024-05-10 16:08:32', 'user003', '2024-05-10 16:08:32', 'user003', NULL, NULL, False),
(21, 'diem anh x213', NULL, '', NULL, '2024-05-11 01:18:31', '2024-05-11 03:18:00', '1nuq', 37.421748, -122.084026, 20, False, False, False, '4f67d5e6-502f-4407-a09c-819508ca9404', '157c7949-430e-4141-9997-616b110fd91f', '2024-05-10 18:19:07', 'user003', '2024-05-10 18:19:07', 'user003', NULL, NULL, False),
(22, 'diem danh x21', NULL, '', NULL, '2024-05-11 03:35:29', '2024-05-11 05:35:00', 'qnu', 37.422222, -122.084039, 20, False, False, False, 'd93c2e6a-2d36-4eff-8649-4644c69e7c37', '94c5834b-629c-4623-9c79-26f91c3a2d93', '2024-05-10 20:35:57', 'user003', '2024-05-10 20:35:57', 'user003', NULL, NULL, False);

-- 
-- Dumping data for table ticket_types
--
INSERT INTO ticket_types VALUES
(1, 'thuong', 'Ve thuong', 199, 14, 20000, '2024-05-09 03:11:36', 'user002', '2024-05-09 05:26:35', 'user002', NULL, NULL);

-- 
-- Dumping data for table categories
--
INSERT INTO categories VALUES
(1, 'Thể thao', 'Sự kiện thể thao', '2024-04-21 07:41:28', 'user002', '2024-04-21 07:41:28', 'user002', NULL, NULL),
(2, 'Ngoài trời', 'Sự kiện gắn với các hoạt động ngoài trời', '2024-04-21 07:44:52', 'user002', '2024-04-21 07:44:52', 'user002', NULL, NULL),
(3, 'Concert', 'Buổi hoà nhạc', '2024-04-21 07:46:39', 'user002', '2024-04-21 07:46:39', 'user002', NULL, NULL),
(4, 'Hội thảo', 'Hội thảo khoa học, học thuật...', '2024-04-21 07:55:39', 'user002', '2024-04-21 07:55:39', 'user002', NULL, NULL),
(5, 'Training', 'Buổi huấn luyện kiến thức, kĩ năng', '2024-04-21 07:56:34', 'user002', '2024-04-21 09:58:40', 'user002', NULL, NULL);

-- 
-- Dumping data for table registrations
--
INSERT INTO registrations VALUES
(1, 'user002', 15, '2024-05-09 07:16:26', '2024-05-09 07:16:26', NULL, NULL, NULL),
(2, 'user002', 16, '2024-05-09 15:27:26', '2024-05-09 15:27:26', NULL, NULL, NULL);

-- 
-- Dumping data for table tickets
--
INSERT INTO tickets VALUES
(1, 1, '254e571c-d818-4a6c-b901-c7bc7cef00da', 'user002', 20000, '2024-05-09 05:26:35', NULL);

-- Table qr_checkin.notifications does not contain any data (it is empty)

-- 
-- Dumping data for table images
--
INSERT INTO images VALUES
(1, '2024-04-22 04:52:53', 'png', False),
(2, '2024-04-22 04:59:03', 'png', False),
(3, '2024-04-22 05:12:29', 'png', False),
(4, '2024-04-22 05:23:04', 'png', False),
(5, '2024-04-22 05:45:58', 'png', False),
(6, '2024-04-22 05:47:23', 'png', False),
(7, '2024-04-22 05:48:23', 'png', False),
(8, '2024-04-22 05:48:45', 'png', False),
(9, '2024-04-22 07:28:20', 'webp', False),
(10, '2024-04-25 06:02:10', 'webp', False),
(11, '2024-04-25 06:05:09', 'webp', False),
(12, '2024-04-25 06:06:01', 'webp', False),
(13, '2024-04-25 07:35:48', 'webp', False),
(14, '2024-04-25 07:51:18', 'webp', False),
(15, '2024-04-25 08:22:35', 'webp', True),
(17, '2024-04-26 07:14:57', 'webp', True),
(18, '2024-04-30 21:59:20', 'webp', False),
(19, '2024-05-07 22:09:57', 'jpg', True),
(20, '2024-05-09 03:03:09', 'webp', False),
(21, '2024-05-09 03:06:17', 'jpg', False),
(22, '2024-05-09 03:10:20', 'jpg', True);

-- 
-- Dumping data for table event_categories
--
INSERT INTO event_categories VALUES
(1, 1),
(3, 1),
(9, 1),
(6, 2),
(14, 2),
(19, 2),
(5, 3),
(10, 3),
(12, 3),
(2, 4),
(4, 4),
(13, 4),
(2, 5),
(8, 5),
(12, 5);

-- 
-- Dumping data for table devices
--
INSERT INTO devices VALUES
('UE1A.230829.036.A1', 'sdk_gphone64_x86_64', '2024-04-22 07:21:28', '2024-04-22 08:04:40', '123123', 'eyJhbGciOiJIUzI1NiJ9.eyJyb2xlIjoiUk9MRV91c2VyIiwic3RhdHVzIjoiQUNUSVZFIiwic3ViIjoiMTIzMTIzIiwiaWF0IjoxNzEzNzQ3ODc5LCJleHAiOjE3MTQzNTI2Nzl9.zaMRz0N5P2uAp1_mD3c3mSHoyn8xthvGmWvGHq63Wic'),
('UE1A.230829.036.A2', 'sdk_gphone64_x86_64', '2024-05-10 15:57:17', '2024-05-10 22:38:14', 'user003', 'eyJhbGciOiJIUzI1NiJ9.eyJyb2xlIjoiUk9MRV91c2VyIiwic3RhdHVzIjoiQUNUSVZFIiwic3ViIjoidXNlcjAwMyIsImlhdCI6MTcxNTM1NTQ5NCwiZXhwIjoxNzE1OTYwMjk0fQ.7Pyx2ck14AA8vtZKeDyXaRVlrRmLgjmXJc_HYZJOdQ4'),
('UP1A.231005.007', 'SM-M146B', '2024-04-10 01:28:28', '2024-04-17 21:23:03', 'user001', 'eyJhbGciOiJIUzI1NiJ9.eyJyb2xlIjoiUk9MRV91c2VyIiwic3RhdHVzIjoiQUNUSVZFIiwic3ViIjoidXNlcjAwMSIsImlhdCI6MTcxMzM2Mzc4MiwiZXhwIjoxNzEzOTY4NTgyfQ.LHoZDAIF44yP0r8-7YhaaZ4ryctm-Fvg6UmQRWTtnec');

-- Table qr_checkin.attendances does not contain any data (it is empty)

--
-- Restore previous SQL mode
--
/*!40101 SET SQL_MODE=@OLD_SQL_MODE */;

--
-- Enable foreign keys
--
/*!40014 SET FOREIGN_KEY_CHECKS = @OLD_FOREIGN_KEY_CHECKS */;