--
-- Script was generated by Devart dbForge Studio for MySQL, Version 10.0.150.0
-- Product home page: http://www.devart.com/dbforge/mysql/studio
-- Script date 5/21/2024 10:46:10 PM
-- Server version: 8.3.0
--

--
-- Disable foreign keys
--
/*!40014 SET @OLD_FOREIGN_KEY_CHECKS=@@FOREIGN_KEY_CHECKS, FOREIGN_KEY_CHECKS=0 */;

--
-- Set SQL mode
--
/*!40101 SET @OLD_SQL_MODE=@@SQL_MODE, SQL_MODE='NO_AUTO_VALUE_ON_ZERO' */;

--
-- Set character set the client will use to send SQL statements to the server
--
SET NAMES 'utf8';

--
-- Set default database
--
USE qr_checkin;

--
-- Drop table `images`
--
DROP TABLE IF EXISTS images;

--
-- Drop table `event_categories`
--
DROP TABLE IF EXISTS event_categories;

--
-- Drop table `categories`
--
DROP TABLE IF EXISTS categories;

--
-- Drop table `devices`
--
DROP TABLE IF EXISTS devices;

--
-- Drop table `notifications`
--
DROP TABLE IF EXISTS notifications;

--
-- Drop table `attendances`
--
DROP TABLE IF EXISTS attendances;

--
-- Drop table `registrations`
--
DROP TABLE IF EXISTS registrations;

--
-- Drop table `tickets`
--
DROP TABLE IF EXISTS tickets;

--
-- Drop table `ticket_types`
--
DROP TABLE IF EXISTS ticket_types;

--
-- Drop table `events`
--
DROP TABLE IF EXISTS events;

--
-- Drop table `users`
--
DROP TABLE IF EXISTS users;

--
-- Set default database
--
USE qr_checkin;

--
-- Create table `users`
--
CREATE TABLE users (
  username varchar(50) CHARACTER SET latin1 COLLATE latin1_general_cs NOT NULL,
  hash_password varchar(60) binary CHARACTER SET latin1 COLLATE latin1_bin NOT NULL,
  role enum ('ROLE_user', 'ROLE_admin') NOT NULL DEFAULT 'ROLE_user',
  status enum ('ACTIVE', 'BANNED') NOT NULL DEFAULT 'ACTIVE',
  full_name varchar(120) binary CHARACTER SET utf8mb4 COLLATE utf8mb4_bin DEFAULT NULL,
  email varchar(50) binary CHARACTER SET ascii COLLATE ascii_bin NOT NULL,
  birthdate date DEFAULT NULL,
  sex bit(1) DEFAULT NULL,
  created_at timestamp NOT NULL DEFAULT CURRENT_TIMESTAMP,
  updated_at timestamp NOT NULL DEFAULT CURRENT_TIMESTAMP ON UPDATE CURRENT_TIMESTAMP,
  avatar varchar(255) DEFAULT NULL,
  id_no varchar(12) DEFAULT NULL,
  PRIMARY KEY (username)
)
ENGINE = INNODB,
AVG_ROW_LENGTH = 5461,
CHARACTER SET utf8mb4,
COLLATE utf8mb4_0900_ai_ci,
ROW_FORMAT = DYNAMIC;

--
-- Create index `email` on table `users`
--
ALTER TABLE users
ADD UNIQUE INDEX email (email);

--
-- Create index `id_no` on table `users`
--
ALTER TABLE users
ADD UNIQUE INDEX id_no (id_no);

--
-- Create table `events`
--
CREATE TABLE events (
  id bigint UNSIGNED NOT NULL AUTO_INCREMENT,
  name varchar(100) binary CHARACTER SET utf8mb4 COLLATE utf8mb4_bin NOT NULL,
  background_image varchar(255) DEFAULT NULL,
  description longtext DEFAULT NULL,
  slots int UNSIGNED DEFAULT NULL,
  start_at timestamp NULL DEFAULT NULL,
  end_at timestamp NULL DEFAULT NULL,
  location varchar(255) binary CHARACTER SET utf8mb4 COLLATE utf8mb4_bin NOT NULL,
  latitude decimal(9, 6) DEFAULT NULL,
  longitude decimal(9, 6) DEFAULT NULL,
  radius double NOT NULL,
  regis_required bit(1) NOT NULL DEFAULT b'0',
  approval_required bit(1) NOT NULL,
  capture_required bit(1) NOT NULL DEFAULT b'0',
  checkin_secret_key varchar(64) NOT NULL,
  checkout_secret_key varchar(64) DEFAULT NULL,
  created_at timestamp NOT NULL DEFAULT CURRENT_TIMESTAMP,
  created_by varchar(50) CHARACTER SET latin1 COLLATE latin1_general_cs NOT NULL,
  updated_at timestamp NOT NULL DEFAULT CURRENT_TIMESTAMP ON UPDATE CURRENT_TIMESTAMP,
  updated_by varchar(50) CHARACTER SET latin1 COLLATE latin1_general_cs NOT NULL DEFAULT '',
  deleted_at timestamp NULL DEFAULT NULL,
  deleted_by varchar(50) CHARACTER SET latin1 COLLATE latin1_general_cs DEFAULT NULL,
  is_ticket_seller bit(1) DEFAULT b'0',
  PRIMARY KEY (id)
)
ENGINE = INNODB,
AUTO_INCREMENT = 61,
CHARACTER SET utf8mb4,
COLLATE utf8mb4_0900_ai_ci,
ROW_FORMAT = DYNAMIC;

--
-- Create index `checkin_qr_code` on table `events`
--
ALTER TABLE events
ADD UNIQUE INDEX checkin_qr_code (checkin_secret_key);

--
-- Create index `checkout_qr_code` on table `events`
--
ALTER TABLE events
ADD UNIQUE INDEX checkout_qr_code (checkout_secret_key);

--
-- Create foreign key
--
ALTER TABLE events
ADD CONSTRAINT FK_events_created_by FOREIGN KEY (created_by)
REFERENCES users (username) ON UPDATE CASCADE;

--
-- Create foreign key
--
ALTER TABLE events
ADD CONSTRAINT FK_events_deleted_by FOREIGN KEY (deleted_by)
REFERENCES users (username) ON UPDATE CASCADE;

--
-- Create foreign key
--
ALTER TABLE events
ADD CONSTRAINT FK_events_updated_by FOREIGN KEY (updated_by)
REFERENCES users (username) ON UPDATE CASCADE;

--
-- Create table `ticket_types`
--
CREATE TABLE ticket_types (
  id bigint UNSIGNED NOT NULL AUTO_INCREMENT,
  name varchar(50) NOT NULL,
  description varchar(255) DEFAULT NULL,
  quantity smallint UNSIGNED NOT NULL,
  event_id bigint UNSIGNED DEFAULT NULL,
  price double UNSIGNED NOT NULL,
  created_at timestamp NOT NULL DEFAULT CURRENT_TIMESTAMP,
  created_by varchar(50) CHARACTER SET latin1 COLLATE latin1_general_cs NOT NULL DEFAULT '',
  updated_at timestamp NOT NULL DEFAULT CURRENT_TIMESTAMP ON UPDATE CURRENT_TIMESTAMP,
  updated_by varchar(50) CHARACTER SET latin1 COLLATE latin1_general_cs NOT NULL,
  deleted_at timestamp NULL DEFAULT NULL,
  deleted_by varchar(50) CHARACTER SET latin1 COLLATE latin1_general_cs DEFAULT NULL,
  PRIMARY KEY (id)
)
ENGINE = INNODB,
AUTO_INCREMENT = 10,
AVG_ROW_LENGTH = 16384,
CHARACTER SET utf8mb4,
COLLATE utf8mb4_0900_ai_ci,
ROW_FORMAT = DYNAMIC;

--
-- Create foreign key
--
ALTER TABLE ticket_types
ADD CONSTRAINT FK_ticket_types_created_by FOREIGN KEY (created_by)
REFERENCES users (username) ON UPDATE CASCADE;

--
-- Create foreign key
--
ALTER TABLE ticket_types
ADD CONSTRAINT FK_ticket_types_deleted_by FOREIGN KEY (deleted_by)
REFERENCES users (username) ON UPDATE CASCADE;

--
-- Create foreign key
--
ALTER TABLE ticket_types
ADD CONSTRAINT FK_ticket_types_event_id FOREIGN KEY (event_id)
REFERENCES events (id) ON UPDATE CASCADE;

--
-- Create foreign key
--
ALTER TABLE ticket_types
ADD CONSTRAINT FK_ticket_types_updated_by FOREIGN KEY (updated_by)
REFERENCES users (username) ON UPDATE CASCADE;

--
-- Create table `tickets`
--
CREATE TABLE tickets (
  id bigint UNSIGNED NOT NULL AUTO_INCREMENT,
  ticket_type_id bigint UNSIGNED DEFAULT NULL,
  qr_code varchar(64) NOT NULL,
  username varchar(50) CHARACTER SET latin1 COLLATE latin1_general_cs DEFAULT NULL,
  price double UNSIGNED NOT NULL,
  created_at timestamp NOT NULL DEFAULT CURRENT_TIMESTAMP,
  check_in_at timestamp NULL DEFAULT NULL,
  PRIMARY KEY (id)
)
ENGINE = INNODB,
AUTO_INCREMENT = 9,
CHARACTER SET utf8mb4,
COLLATE utf8mb4_0900_ai_ci,
ROW_FORMAT = DYNAMIC;

--
-- Create index `qr_code` on table `tickets`
--
ALTER TABLE tickets
ADD UNIQUE INDEX qr_code (qr_code);

--
-- Create foreign key
--
ALTER TABLE tickets
ADD CONSTRAINT FK_tickets_ticket_id FOREIGN KEY (ticket_type_id)
REFERENCES ticket_types (id) ON UPDATE CASCADE;

--
-- Create foreign key
--
ALTER TABLE tickets
ADD CONSTRAINT FK_tickets_username FOREIGN KEY (username)
REFERENCES users (username) ON UPDATE CASCADE;

--
-- Create table `registrations`
--
CREATE TABLE registrations (
  id bigint UNSIGNED NOT NULL AUTO_INCREMENT,
  username varchar(50) CHARACTER SET latin1 COLLATE latin1_general_cs NOT NULL,
  event_id bigint UNSIGNED NOT NULL,
  created_at timestamp NOT NULL DEFAULT CURRENT_TIMESTAMP,
  accepted_at timestamp NULL DEFAULT NULL,
  accepted_by varchar(50) CHARACTER SET latin1 COLLATE latin1_general_cs DEFAULT NULL,
  deleted_at timestamp NULL DEFAULT NULL,
  deleted_by varchar(50) CHARACTER SET latin1 COLLATE latin1_general_cs DEFAULT NULL,
  PRIMARY KEY (id)
)
ENGINE = INNODB,
AUTO_INCREMENT = 8,
AVG_ROW_LENGTH = 4096,
CHARACTER SET utf8mb4,
COLLATE utf8mb4_0900_ai_ci,
ROW_FORMAT = DYNAMIC;

--
-- Create foreign key
--
ALTER TABLE registrations
ADD CONSTRAINT FK_registrations_accepted_by FOREIGN KEY (accepted_by)
REFERENCES users (username) ON UPDATE CASCADE;

--
-- Create foreign key
--
ALTER TABLE registrations
ADD CONSTRAINT FK_registrations_event_id FOREIGN KEY (event_id)
REFERENCES events (id) ON UPDATE CASCADE;

--
-- Create foreign key
--
ALTER TABLE registrations
ADD CONSTRAINT FK_registrations_username FOREIGN KEY (username)
REFERENCES users (username) ON UPDATE CASCADE;

--
-- Create foreign key
--
ALTER TABLE registrations
ADD CONSTRAINT FK_tickets_deleted_by FOREIGN KEY (deleted_by)
REFERENCES users (username) ON UPDATE CASCADE;

--
-- Create table `attendances`
--
CREATE TABLE attendances (
  id bigint UNSIGNED NOT NULL AUTO_INCREMENT,
  registration_id bigint UNSIGNED DEFAULT NULL,
  check_in_at timestamp NULL DEFAULT NULL,
  check_out_at timestamp NULL DEFAULT NULL,
  check_in_img varchar(255) DEFAULT NULL,
  check_out_img varchar(255) DEFAULT NULL,
  qr_check_in_img varchar(255) DEFAULT NULL,
  qr_check_out_img varchar(255) DEFAULT NULL,
  event_id bigint UNSIGNED DEFAULT NULL,
  username varchar(50) CHARACTER SET latin1 COLLATE latin1_general_cs DEFAULT NULL,
  PRIMARY KEY (id)
)
ENGINE = INNODB,
AUTO_INCREMENT = 5,
CHARACTER SET utf8mb4,
COLLATE utf8mb4_0900_ai_ci,
ROW_FORMAT = DYNAMIC;

--
-- Create foreign key
--
ALTER TABLE attendances
ADD CONSTRAINT FK_attendances_event_id FOREIGN KEY (event_id)
REFERENCES events (id) ON UPDATE CASCADE;

--
-- Create foreign key
--
ALTER TABLE attendances
ADD CONSTRAINT FK_attendances_registration_id FOREIGN KEY (registration_id)
REFERENCES registrations (id) ON UPDATE CASCADE;

--
-- Create foreign key
--
ALTER TABLE attendances
ADD CONSTRAINT FK_attendances_username FOREIGN KEY (username)
REFERENCES users (username) ON UPDATE CASCADE;

--
-- Create table `notifications`
--
CREATE TABLE notifications (
  id bigint UNSIGNED NOT NULL AUTO_INCREMENT,
  username varchar(50) CHARACTER SET latin1 COLLATE latin1_general_cs NOT NULL,
  eventId bigint UNSIGNED DEFAULT NULL,
  message varchar(255) binary CHARACTER SET utf8mb4 COLLATE utf8mb4_bin DEFAULT NULL,
  created_at timestamp NULL DEFAULT CURRENT_TIMESTAMP,
  is_read bit(1) NOT NULL DEFAULT b'0',
  type enum ('CHECKIN', 'CHECKOUT', 'INVITATION', 'EVENT_UPDATE') NOT NULL,
  PRIMARY KEY (id)
)
ENGINE = INNODB,
CHARACTER SET utf8mb4,
COLLATE utf8mb4_0900_ai_ci,
ROW_FORMAT = DYNAMIC;

--
-- Create foreign key
--
ALTER TABLE notifications
ADD CONSTRAINT FK_notifications_eventId FOREIGN KEY (eventId)
REFERENCES events (id) ON UPDATE CASCADE;

--
-- Create foreign key
--
ALTER TABLE notifications
ADD CONSTRAINT FK_notifications_username FOREIGN KEY (username)
REFERENCES users (username) ON UPDATE CASCADE;

--
-- Create table `devices`
--
CREATE TABLE devices (
  device_id varchar(64) NOT NULL,
  device_name varchar(255) NOT NULL,
  created_at timestamp NOT NULL DEFAULT CURRENT_TIMESTAMP,
  updated_at timestamp NOT NULL DEFAULT CURRENT_TIMESTAMP ON UPDATE CURRENT_TIMESTAMP,
  username varchar(50) CHARACTER SET latin1 COLLATE latin1_general_cs DEFAULT NULL,
  refresh_token varchar(255) DEFAULT NULL,
  PRIMARY KEY (device_id)
)
ENGINE = INNODB,
AVG_ROW_LENGTH = 8192,
CHARACTER SET utf8mb4,
COLLATE utf8mb4_0900_ai_ci,
ROW_FORMAT = DYNAMIC;

--
-- Create index `username` on table `devices`
--
ALTER TABLE devices
ADD UNIQUE INDEX username (username);

--
-- Create foreign key
--
ALTER TABLE devices
ADD CONSTRAINT FK_devices_username FOREIGN KEY (username)
REFERENCES users (username) ON UPDATE CASCADE;

--
-- Create table `categories`
--
CREATE TABLE categories (
  id bigint UNSIGNED NOT NULL AUTO_INCREMENT,
  name varchar(50) NOT NULL DEFAULT 'utf8mb4_0900_ai_ci',
  description varchar(255) DEFAULT NULL,
  created_at timestamp NOT NULL DEFAULT CURRENT_TIMESTAMP,
  created_by varchar(50) CHARACTER SET latin1 COLLATE latin1_general_cs NOT NULL,
  updated_at timestamp NULL DEFAULT CURRENT_TIMESTAMP ON UPDATE CURRENT_TIMESTAMP,
  updated_by varchar(50) CHARACTER SET latin1 COLLATE latin1_general_cs DEFAULT NULL,
  deleted_at timestamp NULL DEFAULT NULL,
  deleted_by varchar(50) CHARACTER SET latin1 COLLATE latin1_general_cs DEFAULT NULL,
  PRIMARY KEY (id)
)
ENGINE = INNODB,
AUTO_INCREMENT = 21,
AVG_ROW_LENGTH = 1092,
CHARACTER SET utf8mb4,
COLLATE utf8mb4_0900_ai_ci,
ROW_FORMAT = DYNAMIC;

--
-- Create foreign key
--
ALTER TABLE categories
ADD CONSTRAINT FK_categories_created_by FOREIGN KEY (created_by)
REFERENCES users (username) ON UPDATE CASCADE;

--
-- Create foreign key
--
ALTER TABLE categories
ADD CONSTRAINT FK_categories_deleted_by FOREIGN KEY (deleted_by)
REFERENCES users (username) ON UPDATE CASCADE;

--
-- Create foreign key
--
ALTER TABLE categories
ADD CONSTRAINT FK_categories_updated_by FOREIGN KEY (updated_by)
REFERENCES users (username) ON UPDATE CASCADE;

--
-- Create table `event_categories`
--
CREATE TABLE event_categories (
  event_id bigint UNSIGNED NOT NULL,
  category_id bigint UNSIGNED NOT NULL,
  PRIMARY KEY (event_id, category_id)
)
ENGINE = INNODB,
AVG_ROW_LENGTH = 1260,
CHARACTER SET utf8mb4,
COLLATE utf8mb4_0900_ai_ci,
ROW_FORMAT = DYNAMIC;

--
-- Create index `FK_event_categories_categoryId` on table `event_categories`
--
ALTER TABLE event_categories
ADD INDEX FK_event_categories_categoryId (category_id);

--
-- Create foreign key
--
ALTER TABLE event_categories
ADD CONSTRAINT FK_event_categories_category_id FOREIGN KEY (category_id)
REFERENCES categories (id) ON UPDATE CASCADE;

--
-- Create foreign key
--
ALTER TABLE event_categories
ADD CONSTRAINT FK_event_categories_event_id FOREIGN KEY (event_id)
REFERENCES events (id) ON UPDATE CASCADE;

--
-- Create table `images`
--
CREATE TABLE images (
  id int UNSIGNED NOT NULL AUTO_INCREMENT,
  created_at timestamp NOT NULL DEFAULT CURRENT_TIMESTAMP,
  extension varchar(10) CHARACTER SET latin1 COLLATE latin1_general_cs NOT NULL DEFAULT '',
  status bit(1) NOT NULL,
  PRIMARY KEY (id)
)
ENGINE = INNODB,
AUTO_INCREMENT = 99,
AVG_ROW_LENGTH = 1638,
CHARACTER SET utf8mb4,
COLLATE utf8mb4_0900_ai_ci,
ROW_FORMAT = DYNAMIC;

-- 
-- Dumping data for table users
--
INSERT INTO users VALUES
('administrator', '$2a$10$z4pGNOSGuyU.A/s2J7EsAuIHLdm7U0OA/t5ZWKjvnMFn3f1DEpgOi', 'ROLE_admin', 'ACTIVE', NULL, 'admin@gmail.com', NULL, NULL, '2024-05-21 06:42:46', '2024-05-21 20:52:16', NULL, '215521323'),
('user001', '$2a$10$ElGuPX5Ky/NfCCoerw0/Eefcb8dTdzy6Lyxp8potXk2NL11VHTgN6', 'ROLE_user', 'ACTIVE', 'Nguyễn Lương', 'user001@gmail.com', NULL, NULL, '2024-05-21 06:06:39', '2024-05-21 20:52:14', NULL, '123432113'),
('vanvinh07', '$2a$10$OhKVr7gT0jtyZVbY.GAiZO3Bu0BlXL6zzKq/ym02ZdADneZ0OYzrS', 'ROLE_user', 'ACTIVE', 'Phạm Vinh', 'vanvinh@gmail.com', NULL, NULL, '2024-05-21 05:59:39', '2024-05-21 20:53:00', NULL, '210046414');

-- 
-- Dumping data for table events
--
INSERT INTO events VALUES
(52, 'Đêm nhạc cổ điển dưới bầu trời', '80.jpg', '<p>Hãy đến và trải nghiệm một đêm đầy sao tại Quý Nhơn với sự kiện "Đêm Nhạc Cổ Điển Dưới Bầu Trời". Sự kiện này sẽ mang đến cho bạn một không gian âm nhạc đặc biệt, nơi bạn có thể thưởng thức những bản nhạc cổ điển truyền cảm nhất trong khi ngắm nhìn bầu trời đêm tràn ngập ánh sao.</p><p>Đây là cơ hội hiếm có để thưởng thức âm nhạc trong một không gian mở, kết hợp giữa vẻ đẹp của thiên nhiên và sự tinh tế của âm nhạc. Các nghệ sĩ tài năng sẽ biểu diễn những tác phẩm kinh điển từ các nhạc sĩ vĩ đại, mang đến cho khán giả những trải nghiệm âm nhạc đích thực và sâu lắng.</p><p>Đừng bỏ lỡ cơ hội để làm mới tâm hồn bạn dưới ánh trăng và giai điệu huyền bí của nhạc cổ điển.</p><p>Đêm nhạc sẽ diễn ra tại Quý Nhơn. Chúng tôi mong chờ sự hiện diện của bạn tại sự kiện đặc biệt này.</p>', NULL, '2024-05-21 18:51:00', '2024-05-21 20:51:00', 'Quảng trường Nguyễn Tất Thành, QN', 13.762306, 109.221798, 50, False, False, False, '4f28a56d-f52a-45f0-893c-25df9f8c9e0e', NULL, '2024-05-21 07:39:03', 'vanvinh07', '2024-05-21 07:53:26', 'vanvinh07', NULL, NULL, True),
(53, 'Giải Marathon TP. Quy Nhơn 2024', '79.jpg', '<p>Sự kiện <strong>Marathon Quy Nhơn</strong> 2024 hứa hẹn sẽ là một ngày hội thể thao đầy sôi động và ý nghĩa, thu hút hàng ngàn vận động viên và du khách từ khắp nơi đổ về thành phố biển xinh đẹp này. Được tổ chức vào ngày 23 tháng 6 năm 2024, giải chạy này không chỉ là cơ hội để mọi người thử thách bản thân qua các cự ly đua từ <u style="color: rgb(0, 0, 0);">5km</u> đến <u style="color: rgb(0, 0, 0);">42km</u>, mà còn là dịp để khám phá vẻ đẹp thiên nhiên, văn hóa và ẩm thực đặc sắc của Bình Định. </p><p>Với cung đường chạy dọc theo bờ biển và qua những danh lam thắng cảnh nổi tiếng, <strong>Marathon Quy Nhơn</strong> không chỉ là cuộc đua, mà còn là hành trình trải nghiệm đầy màu sắc. Đăng ký tham gia sớm để nhận được nhiều ưu đãi và chuẩn bị cho một mùa giải đầy hứng khởi!</p>', 200, '2024-05-22 07:35:00', '2024-05-22 09:35:00', 'Cung đường bờ biển, TP. Quy Nhơn', 13.770189, 109.235046, 40, True, False, True, 'cbe6837f-3a51-4c1f-a3c3-5c4565a374f1', NULL, '2024-05-21 07:49:52', 'vanvinh07', '2024-05-21 07:49:52', 'vanvinh07', NULL, NULL, False),
(54, 'Hội nghị khởi nghiệp Công nghệ toàn cầu', NULL, '<p>Hội nghị khởi nghiệp Công nghệ toàn cầu tại Quy Nhơn</p><p><br></p><p>Quy Nhơn, một thành phố biển yên bình và trù phú của Việt Nam, sẽ chứng kiến sự kiện đáng chú ý trong lĩnh vực công nghệ và khởi nghiệp: Hội nghị khởi nghiệp Công nghệ toàn cầu. Sự kiện này không chỉ là một cơ hội để các nhà đổi mới sáng tạo, nhà khoa học, và doanh nhân từ khắp nơi trên thế giới gặp gỡ và chia sẻ kiến thức, mà còn là một bước tiến quan trọng trong việc đưa Quy Nhơn trở thành một trung tâm công nghệ nổi bật tại khu vực.</p><p><br></p><p>Hội nghị sẽ tập trung vào việc thảo luận các xu hướng công nghệ mới, cách thức mà khởi nghiệp có thể thúc đẩy tăng trưởng kinh tế và sự phát triển bền vững. Các phiên hội thảo sẽ bao gồm các chủ đề từ trí tuệ nhân tạo, blockchain, đến các giải pháp công nghệ xanh, đều hướng đến việc tạo ra những tác động tích cực đối với xã hội và môi trường.</p><p><br></p><p>Đặc biệt, Hội nghị sẽ có sự tham gia của các chuyên gia hàng đầu, những người đã và đang đóng góp vào sự phát triển của hệ sinh thái khởi nghiệp công nghệ tại Việt Nam và trên thế giới. Họ sẽ chia sẻ kinh nghiệm, thách thức và cơ hội trong việc xây dựng và phát triển các doanh nghiệp khởi nghiệp công nghệ.</p><p><br></p><p>Ngoài ra, Hội nghị cũng sẽ là nơi để các nhà đầu tư tìm kiếm và kết nối với các dự án khởi nghiệp tiềm năng, mở ra cơ hội hợp tác và đầu tư vào thị trường công nghệ đang phát triển nhanh chóng tại Việt Nam.</p><p><br></p><p>Hội nghị khởi nghiệp Công nghệ toàn cầu tại Quy Nhơn hứa hẹn sẽ là một sự kiện không thể bỏ qua cho bất kỳ ai quan tâm đến tương lai của công nghệ và khởi nghiệp. Đây sẽ là một dấu mốc quan trọng, ghi nhận sự nỗ lực không ngừng của Việt Nam trong việc tạo dựng một môi trường khởi nghiệp đổi mới sáng tạo và hội nhập toàn cầu.</p>', 30, '2024-05-21 19:50:00', '2024-05-21 21:50:00', 'Sân thượng khách sạn Hải Âu', 13.756690, 109.218614, 40, True, False, False, '91185c38-f84b-44ad-89c0-ed443cacc5c5', NULL, '2024-05-21 07:59:12', 'vanvinh07', '2024-05-21 07:59:12', 'vanvinh07', NULL, NULL, False),
(55, 'Liên Hoan Phim 2024', NULL, '<p><span class="ql-size-large">Liên hoan phim ngoài trời: Một trải nghiệm điện ảnh độc đáo</span></p><p>Liên hoan phim ngoài trời không chỉ là một sự kiện giải trí, mà còn là một cơ hội để cộng đồng cùng nhau tận hưởng niềm đam mê điện ảnh dưới bầu trời đầy sao. Đây là dịp để khán giả trải nghiệm những bộ phim từ các nền văn hóa khác nhau, trong một không gian mở, thoáng đãng và gần gũi với thiên nhiên.</p><p>Sự kiện này thường được tổ chức tại các công viên, bãi biển hoặc khu vực có không gian mở rộng lớn, tạo điều kiện cho mọi người có thể thoải mái lựa chọn chỗ ngồi và thưởng thức phim. Màn hình chiếu phim lớn, âm thanh sống động cùng với việc được ngắm nhìn bầu trời đêm làm tăng thêm phần thú vị cho trải nghiệm xem phim.</p><p><br></p><p>Liên hoan phim ngoài trời cũng là cơ hội để các nhà làm phim độc lập trình chiếu tác phẩm của mình đến với công chúng rộng rãi. Nó tạo ra một sân chơi bình đẳng cho tất cả các tác phẩm, từ những bộ phim có kinh phí sản xuất lớn đến những dự án nhỏ lẻ, đều có cơ hội được chia sẻ và đánh giá.</p><p><br></p><p>Ngoài ra, liên hoan phim còn kèm theo các hoạt động bên lề như: workshop về làm phim, thảo luận cùng diễn viên và đạo diễn, hay các gian hàng ẩm thực để khán giả có thể vừa thưởng thức phim vừa thưởng thức các món ăn ngon.</p><p>Liên hoan phim ngoài trời không chỉ mang lại những giờ phút giải trí, mà còn góp phần tăng cường tình đoàn kết cộng đồng và sự hiểu biết văn hóa. Đây chắc chắn là một sự kiện không thể bỏ qua cho những ai yêu mến điện ảnh và muốn khám phá những phương thức xem phim mới lạ. Hãy đến và cùng nhau tạo nên những kỷ niệm khó quên tại liên hoan phim ngoài trời!</p>', NULL, '2024-05-21 20:00:00', '2024-05-21 22:00:00', 'Surfbar 1, bãi biển Quy Nhơn', 13.770306, 109.235519, 100, False, False, False, '90dd1fe9-4ce0-45f8-a4fa-6b415b5e4166', NULL, '2024-05-21 08:06:04', 'vanvinh07', '2024-05-21 08:06:04', 'vanvinh07', NULL, NULL, False),
(56, 'Chạy bộ vì tương lai', '81.jpg', '<p>Hãy tưởng tượng một sự kiện marathon chạy bộ trong tương lai, nơi mỗi bước chạy của người tham gia không chỉ đưa họ qua những con đường đẹp đẽ mà còn góp phần vào một nguyên nhân cao cả. Cuộc đua này không chỉ là một thử thách thể chất mà còn là một lễ hội của tinh thần cộng đồng và sự đoàn kết. Người chạy sẽ trải qua những cung đường được thiết kế đặc biệt, với công nghệ tương tác cao, giúp họ cảm nhận được sự hỗ trợ từ khán giả dù ở bất cứ đâu trên thế giới thông qua màn hình LED và âm thanh vòm sống động.</p><p><br></p><p>Mỗi km chạy sẽ được ghi nhận là một đóng góp cho các dự án bảo vệ môi trường, hoặc hỗ trợ các cộng đồng cần giúp đỡ. Những người tham gia sẽ không chỉ nhận được huy chương hoàn thành cuộc đua, mà còn nhận được sự ngưỡng mộ từ cộng đồng vì đã làm nên sự khác biệt. Sự kiện này sẽ thu hút người chạy từ khắp nơi trên thế giới, không phân biệt tuổi tác, nền tảng văn hóa hay trình độ chạy bộ.</p><p><br></p><p>Các công ty công nghệ hàng đầu sẽ đồng hành cùng sự kiện, áp dụng những phát minh mới nhất để theo dõi sức khỏe và hiệu suất của người chạy, đồng thời tạo ra một trải nghiệm chạy bộ an toàn và thú vị. Marathon tương lai sẽ không chỉ là một cuộc đua, mà còn là một sự kiện văn hóa, một diễn đàn để mọi người học hỏi, chia sẻ và cùng nhau tiến bộ. Đây sẽ là một sự kiện không thể bỏ qua cho bất kỳ ai yêu thích chạy bộ và muốn góp phần vào những thay đổi tích cực trong xã hội.</p>', NULL, '2024-05-22 08:00:00', '2024-05-22 10:00:00', 'Cung đường dọc biển Quy Nhơn', 13.771001, 109.237629, 30, False, False, False, 'd8ef3163-73e9-493d-a9c0-a063e542a714', NULL, '2024-05-21 08:12:25', 'vanvinh07', '2024-05-21 08:12:25', 'vanvinh07', NULL, NULL, False),
(57, 'Cuộc thi nấu ăn PivaCheif', '82.jpg', '<p><strong>Giới thiệu về Cuộc Thi Nấu Ăn PivaChief</strong></p><p>Chào mừng bạn đến với Cuộc Thi Nấu Ăn PivaChief, nơi ẩm thực gặp gỡ nghệ thuật và sáng tạo không giới hạn. Tại đây, bạn không chỉ được thưởng thức những món ăn tuyệt vời mà còn được chứng kiến quá trình chế biến đầy mê hoặc của các đầu bếp tài năng.</p><p>PivaChief là một sự kiện độc đáo, nơi các đầu bếp từ khắp nơi trên thế giới tụ họp để chia sẻ niềm đam mê và tài năng của mình. Mỗi đầu bếp sẽ chuẩn bị một thực đơn đặc biệt, phản ánh phong cách cá nhân và văn hóa ẩm thực mà họ đại diện. Từ những món ăn truyền thống đến những tác phẩm ẩm thực hiện đại, mỗi món ăn đều là một câu chuyện riêng biệt, đưa thực khách đi từ bất ngờ này đến bất ngờ khác.</p><p><br></p><p>Không chỉ là một bữa tiệc cho vị giác, Cuộc Thi Nấu Ăn PivaChief còn là một trải nghiệm tương tác, nơi bạn có thể học hỏi từ các đầu bếp, tham gia vào các lớp học nấu ăn và thậm chí là thử sức mình trong các thử thách ẩm thực. Đây là cơ hội tuyệt vời để mở rộng kiến thức ẩm thực của bạn và gặp gỡ những người có cùng sở thích.</p><p>Hãy tham gia cùng chúng tôi trong Cuộc Thi Nấu Ăn PivaChief và để mỗi món ăn kể lên câu chuyện của mình. Đặt chỗ ngay hôm nay và chuẩn bị sẵn sàng cho một hành trình ẩm thực khó quên!</p>', 12, '2024-05-21 19:25:00', '2024-05-21 21:25:00', 'Quảng trường Nguyễn Tất Thành, QN', 13.762266, 109.221825, 20, True, False, True, 'a62d751d-0fb7-4172-9b9a-1d38310d60ff', 'ef3bea52-3e0a-4746-8dd2-5dd45031bc59', '2024-05-21 08:17:18', 'vanvinh07', '2024-05-21 08:17:18', 'vanvinh07', NULL, NULL, False),
(58, 'Triển Lãm Ô Tô Công Nghệ', '83.jpg', '<p>Chào mừng đến với sự kiện triển lãm ô tô công nghệ tại Quy Nhơn, một sự kiện không thể bỏ qua cho những ai đam mê công nghệ và ô tô. Triển lãm này sẽ là cơ hội để khám phá những mẫu xe mới nhất, cùng với công nghệ tiên tiến nhất từ các thương hiệu hàng đầu. Đây là dịp để người tiêu dùng và các chuyên gia trong ngành có thể gặp gỡ, trao đổi và cập nhật những xu hướng mới nhất trong ngành công nghiệp ô tô.</p><p>Sự kiện sẽ diễn ra tại một trong những địa điểm đẹp nhất của Quy Nhơn, hứa hẹn mang đến một không gian trưng bày độc đáo và ấn tượng. Khách tham quan sẽ có cơ hội trải nghiệm lái thử, tham gia các hội thảo chuyên đề và thưởng thức những màn trình diễn kỹ thuật sống động.</p><p>Hãy đến và tham gia với chúng tôi trong sự kiện đặc biệt này, nơi bạn có thể tận mắt chứng kiến sự kết hợp hoàn hảo giữa công nghệ và đam mê tốc độ. Đừng bỏ lỡ cơ hội để cảm nhận tương lai của ngành ô tô ngay tại Quy Nhơn!</p>', NULL, '2024-05-23 19:00:00', '2024-05-23 21:00:00', 'Quảng trường Nguyễn Tất Thành QN', 13.762384, 109.221768, 120, False, False, False, '235cd86d-256c-4ab6-af33-f4531666b794', NULL, '2024-05-21 08:21:44', 'vanvinh07', '2024-05-21 08:22:16', 'vanvinh07', NULL, NULL, False),
(59, 'Văn Nghệ Trẻ em', '84.jpg', '<p>Quảng trường Nguyễn Tất Thành tại Quy Nhơn, một không gian mở rộng lớn, là địa điểm lý tưởng cho các sự kiện văn hóa và nghệ thuật. Trong không khí trong lành của bãi biển và tiếng sóng vỗ, cuộc thi văn nghệ dành cho trẻ em sẽ là một sân chơi sáng tạo, nơi các em có thể thể hiện tài năng và lòng yêu văn hóa của mình. Cuộc thi không chỉ là cơ hội để các em học hỏi, giao lưu và phát triển kỹ năng, mà còn là dịp để cộng đồng cùng nhau chung vui và ủng hộ thế hệ tương lai của chúng ta. Hãy đến và tham gia vào ngày hội của niềm vui, sự sáng tạo và tình yêu văn hóa tại Quảng trường Nguyễn Tất Thành, Quy Nhơn. Đây chắc chắn sẽ là một kỷ niệm đáng nhớ cho các em và cả gia đình.</p>', NULL, '2024-05-22 19:30:00', '2024-05-22 21:30:00', 'Quảng trường Nguyễn Tất Thành, QN', 13.762153, 109.221865, 100, False, False, False, '4704651c-be79-46a8-b7c5-2a8b2a723057', NULL, '2024-05-21 08:26:08', 'vanvinh07', '2024-05-21 08:26:08', 'vanvinh07', NULL, NULL, False),
(60, 'Hội thảo Y tế và Sức khỏe cộng đồng', '86.jpg', '<p><strong class="ql-size-large">Hội thảo Y tế và Sức khỏe Cộng đồng: Một Sự Kiện Không Thể Bỏ Lỡ</strong></p><p>Chào mừng bạn đến với Hội thảo Y tế và Sức khỏe Cộng đồng, nơi các chuyên gia hàng đầu, nhà nghiên cứu và những người hoạt động trong lĩnh vực y tế cùng nhau chia sẻ kiến thức, kinh nghiệm và những phát triển mới nhất trong ngành. Hội thảo này là cơ hội tuyệt vời để mở rộng mạng lưới chuyên môn, tìm hiểu về các phương pháp tiên tiến và thảo luận về các vấn đề sức khỏe cộng đồng quan trọng.</p><p>Chúng tôi tự hào giới thiệu một chương trình đa dạng bao gồm các buổi thuyết trình, hội thảo chuyên đề, và các phiên bàn tròn, cùng với sự tham gia của các diễn giả nổi tiếng. Hội thảo sẽ tập trung vào các chủ đề như sức khỏe tâm thần, y tế công cộng, quản lý bệnh tật, và nhiều hơn nữa.</p><p>Đừng bỏ lỡ cơ hội này để cập nhật thông tin mới nhất, phát triển chuyên môn và đóng góp vào sự phát triển của sức khỏe cộng đồng. Hãy tham gia cùng chúng tôi để cùng nhau xây dựng một tương lai khỏe mạnh hơn cho mọi người. Đăng ký ngay hôm nay!</p>', 59, '2024-05-21 20:15:00', '2024-05-21 22:30:00', 'Hội trường B, Trường đại học Quy Nhơn', 13.772810, 109.237530, 40, False, False, False, 'bd2b631e-1524-40c3-ae13-2edaca0e3808', NULL, '2024-05-21 20:09:09', 'user001', '2024-05-21 22:16:26', 'user001', NULL, NULL, False);

-- 
-- Dumping data for table ticket_types
--
INSERT INTO ticket_types VALUES
(9, 'Thường', 'Dành cho mọi người', 200, 52, 20000, '2024-05-21 07:39:03', 'vanvinh07', '2024-05-21 07:53:26', 'vanvinh07', '2024-05-21 07:53:26', 'vanvinh07');

-- 
-- Dumping data for table categories
--
INSERT INTO categories VALUES
(6, 'Concert', 'Buổi hoà nhạc', '2024-05-21 06:45:22', 'administrator', '2024-05-21 06:45:22', 'administrator', NULL, NULL),
(7, 'Lễ hội', 'Sự kiện văn hoá mang tính cộng đồng', '2024-05-21 06:46:25', 'administrator', '2024-05-21 06:46:25', 'administrator', NULL, NULL),
(8, 'Thể thao', 'Sự kiện thể thao, các hoạt động thi đấu', '2024-05-21 06:47:25', 'administrator', '2024-05-21 07:02:44', 'administrator', NULL, NULL),
(9, 'Hội nghị', 'Sự kiện gặp mặt với mối quan tâm chung', '2024-05-21 06:48:35', 'administrator', '2024-05-21 07:03:29', 'administrator', NULL, NULL),
(10, 'Ngoại khoá', 'Sự kiện nằm bên ngoài tổ chức, mang tính tự nguyện', '2024-05-21 06:49:27', 'administrator', '2024-05-21 06:49:27', 'administrator', NULL, NULL),
(11, 'Ngoài trời', 'Sự kiện được tổ chức ở ngoài trời, không gian mở', '2024-05-21 06:54:35', 'administrator', '2024-05-21 06:54:35', 'administrator', NULL, NULL),
(12, 'Marathon', 'Sự kiện chạy việt dã đường dài', '2024-05-21 07:08:32', 'administrator', '2024-05-21 07:08:32', 'administrator', NULL, NULL),
(13, 'Nấu ăn', 'Sự kiện liên quan đến hoạt động nấu ăn', '2024-05-21 07:09:31', 'administrator', '2024-05-21 07:09:31', 'administrator', NULL, NULL),
(14, 'Hội chợ', 'Nhiều hoạt động vui chơi và thương mại', '2024-05-21 07:11:03', 'administrator', '2024-05-21 07:11:03', 'administrator', NULL, NULL),
(15, 'Triển lãm', 'Trưng bày vật phẩm, tranh ảnh, hàng hoá tập trung', '2024-05-21 07:12:53', 'administrator', '2024-05-21 07:26:06', 'administrator', NULL, NULL),
(16, 'Y tế', 'Sự kiện liên quan đến lĩnh vưc y tế', '2024-05-21 07:14:57', 'administrator', '2024-05-21 07:14:57', 'administrator', NULL, NULL),
(17, 'Công nghệ', 'Sự kiện liên quan đến lĩnh vực công nghệ', '2024-05-21 07:15:24', 'administrator', '2024-05-21 07:15:56', 'administrator', NULL, NULL),
(18, 'Văn nghệ', 'Sự kiện văn nghệ ca múa hát', '2024-05-21 07:17:45', 'administrator', '2024-05-21 07:17:45', 'administrator', NULL, NULL),
(19, 'Du lịch', 'Sự kiện liên quan đến lĩnh vực du lịch', '2024-05-21 07:18:53', 'administrator', '2024-05-21 07:18:53', 'administrator', NULL, NULL),
(20, 'Workshop', 'Sự kiện đào tạo mang tính tương tác, tự thực hành', '2024-05-21 19:47:26', 'administrator', '2024-05-21 19:47:46', 'administrator', NULL, NULL);

-- 
-- Dumping data for table registrations
--
INSERT INTO registrations VALUES
(7, 'vanvinh07', 60, '2024-05-21 20:13:10', '2024-05-21 20:13:55', NULL, NULL, NULL);

-- Table qr_checkin.tickets does not contain any data (it is empty)

-- Table qr_checkin.notifications does not contain any data (it is empty)

-- 
-- Dumping data for table images
--
INSERT INTO images VALUES
(78, '2024-05-21 07:41:28', 'jpg', False),
(79, '2024-05-21 07:41:34', 'jpg', True),
(80, '2024-05-21 07:53:19', 'jpg', True),
(81, '2024-05-21 08:07:28', 'jpg', True),
(82, '2024-05-21 08:13:15', 'jpg', True),
(83, '2024-05-21 08:18:18', 'jpg', True),
(84, '2024-05-21 08:23:06', 'jpg', True),
(85, '2024-05-21 19:58:19', 'jpg', False),
(86, '2024-05-21 20:04:01', 'jpg', True),
(98, '2024-05-21 22:16:40', 'png', True);

-- 
-- Dumping data for table event_categories
--
INSERT INTO event_categories VALUES
(52, 6),
(54, 9),
(56, 10),
(53, 11),
(55, 11),
(53, 12),
(56, 12),
(57, 13),
(58, 15),
(60, 16),
(54, 17),
(58, 17),
(59, 18);

-- 
-- Dumping data for table devices
--
INSERT INTO devices VALUES
('UE1A.230829.036.A2', 'sdk_gphone64_x86_64', '2024-05-21 20:22:22', '2024-05-21 22:30:05', 'user001', 'eyJhbGciOiJIUzI1NiJ9.eyJyb2xlIjoiUk9MRV91c2VyIiwiZnVsbE5hbWUiOiJOZ3V5w6rMg24gTMawxqFuZyIsInN0YXR1cyI6IkFDVElWRSIsInN1YiI6InVzZXIwMDEiLCJpYXQiOjE3MTYzMDU0MDQsImV4cCI6MTcxNjkxMDIwNH0.aSGIrDSR45Re1JVTRJuhuBsaUfqhRvxFMGR53KhB7BY'),
('UP1A.231005.007', 'SM-M146B', '2024-05-21 05:59:45', '2024-05-21 22:24:48', 'vanvinh07', 'eyJhbGciOiJIUzI1NiJ9.eyJyb2xlIjoiUk9MRV91c2VyIiwiZnVsbE5hbWUiOiJQaGHMo20gVmluaCIsInN0YXR1cyI6IkFDVElWRSIsInN1YiI6InZhbnZpbmgwNyIsImlhdCI6MTcxNjMwNTA4NywiZXhwIjoxNzE2OTA5ODg3fQ.D9pEs4hf_YBDp4sRqZ9Gxxr3RnskWyD3oGx6Y9Blvoc');

-- 
-- Dumping data for table attendances
--
INSERT INTO attendances VALUES
(4, 7, '2024-05-21 22:16:40', NULL, NULL, NULL, '98.png', NULL, 60, 'vanvinh07');

--
-- Restore previous SQL mode
--
/*!40101 SET SQL_MODE=@OLD_SQL_MODE */;

--
-- Enable foreign keys
--
/*!40014 SET FOREIGN_KEY_CHECKS = @OLD_FOREIGN_KEY_CHECKS */;